9,3600,3614.7943852790495,36.5869133,-121.7559026,231.9349051
-25.972945,-41.172622
-26.568113,-41.978557
-27.163317,-42.784459
-27.758559,-43.590324
-28.353844,-44.396149
-28.949176,-45.201932
-29.544558,-46.007669
-30.139994,-46.813357
-30.735488,-47.618993
-31.331044,-48.424573
-31.926665,-49.230095
-32.522356,-50.035555
-33.118120,-50.840949
-33.713962,-51.646275
-34.309884,-52.451529
-34.905890,-53.256709
-35.501985,-54.061811
-36.098171,-54.866833
-36.694452,-55.671771
-37.290831,-56.476622
-37.887310,-57.281385
-38.483894,-58.086057
-39.080584,-58.890634
-39.677383,-59.695116
-40.274292,-60.499500
-40.871314,-61.303784
-41.468451,-62.107967
-42.065703,-62.912047
-42.663071,-63.716024
-43.260555,-64.519896
-43.858155,-65.323664
-44.455870,-66.127328
-45.053700,-66.930888
-45.651641,-67.734344
-46.249691,-68.537700
-46.847847,-69.340956
-47.446104,-70.144116
-48.044457,-70.947182
-48.642899,-71.750160
-49.241422,-72.553054
-49.840018,-73.355871
-50.438676,-74.158617
-51.037385,-74.961300
-51.636130,-75.763930
-52.234898,-76.566518
-52.833670,-77.369075
-53.432427,-78.171614
-54.031149,-78.974152
-54.629813,-79.776703
-55.228391,-80.579288
-55.826857,-81.381924
-56.425180,-82.184635
-57.023327,-82.987443
-57.621261,-83.790375
-58.218946,-84.593458
-58.816341,-85.396720
-59.413402,-86.200193
-60.010083,-87.003906
-60.606347,-87.807910
-61.202168,-88.612287
-61.797507,-89.417098
-62.392310,-90.222378
-62.986528,-91.028170
-63.580106,-91.834517
-64.172990,-92.641461
-64.765127,-93.449044
-65.356461,-94.257308
-65.946940,-95.066296
-66.536509,-95.876048
-67.125116,-96.686607
-67.712709,-97.498010
-68.299238,-98.310296
-68.884654,-99.123504
-69.468923,-99.937690
-70.052003,-100.752906
-70.633843,-101.569170
-71.214394,-102.386505
-71.793608,-103.204929
-72.371440,-104.024458
-72.947847,-104.845108
-73.522788,-105.666891
-74.096222,-106.489820
-74.668112,-107.313904
-75.238420,-108.139153
-75.807113,-108.965573
-76.374155,-109.793170
-76.939520,-110.621956
-77.503197,-111.451977
-78.065172,-112.283269
-78.625426,-113.115848
-79.183939,-113.949732
-79.740695,-114.784937
-80.295674,-115.621480
-80.848861,-116.459376
-81.400235,-117.298643
-81.949781,-118.139296
-82.497478,-118.981351
-83.043307,-119.824827
-83.587246,-120.669737
-84.129281,-121.516112
-84.669360,-122.363928
-85.207611,-123.213475
-85.744179,-124.065314
-86.279012,-124.919566
-86.812007,-125.776140
-87.343074,-126.635002
-87.872125,-127.496111
-88.399076,-128.359441
-88.923848,-129.224971
-89.446372,-130.092697
-89.966585,-130.962623
-90.484439,-131.834773
-90.999888,-132.709172
-91.512928,-133.585917
-92.023464,-134.464898
-92.531195,-135.345284
-93.036042,-136.226554
-93.538062,-137.108850
-94.037284,-137.992197
-94.533739,-138.876633
-95.027451,-139.762172
-95.518439,-140.648822
-96.006718,-141.536575
-96.492299,-142.425413
-96.975190,-143.315307
-97.455394,-144.206219
-97.932914,-145.098101
-98.407749,-145.990900
-98.879891,-146.884536
-99.349317,-147.778863
-99.816029,-148.673782
-100.280049,-149.569257
-100.741392,-150.465234
-101.200077,-151.361661
-101.656123,-152.258477
-102.109548,-153.155623
-102.560374,-154.053033
-103.008625,-154.950641
-103.454328,-155.848384
-103.897512,-156.746192
-104.338216,-157.644015
-104.776459,-158.541740
-105.212383,-159.439602
-105.646237,-160.338245
-106.078130,-161.237898
-106.508100,-162.138499
-106.936203,-163.040047
-107.362492,-163.942522
-107.787028,-164.845908
-108.209869,-165.750183
-108.631079,-166.655326
-109.050720,-167.561314
-109.468857,-168.468123
-109.885558,-169.375727
-110.300888,-170.284100
-110.714914,-171.193214
-111.127703,-172.103042
-111.539322,-173.013556
-111.949836,-173.924729
-112.359310,-174.836532
-112.767808,-175.748939
-113.175391,-176.661922
-113.582121,-177.575455
-113.988056,-178.489513
-114.393255,-179.404068
-114.797772,-180.319099
-115.201661,-181.234580
-115.604976,-182.150490
-116.007766,-183.066805
-116.410082,-183.983507
-116.811968,-184.900571
-117.213437,-185.817868
-117.614515,-186.735279
-118.015247,-187.652791
-118.415674,-188.570384
-118.815838,-189.488041
-119.215777,-190.405746
-119.615532,-191.323482
-120.015138,-192.241232
-120.414633,-193.158983
-120.814051,-194.076718
-121.213428,-194.994423
-121.612797,-195.912083
-122.012192,-196.829685
-122.411645,-197.747214
-122.811187,-198.664657
-123.210849,-199.582000
-123.610663,-200.499231
-124.010657,-201.416336
-124.410861,-202.333303
-124.811304,-203.250119
-125.212015,-204.166771
-125.613019,-205.083247
-126.014346,-205.999536
-126.416021,-206.915624
-126.818070,-207.831501
-127.220520,-208.747155
-127.623394,-209.662574
-128.026718,-210.577747
-128.430515,-211.492663
-128.834808,-212.407311
-129.239620,-213.321680
-129.644974,-214.235760
-130.050889,-215.149540
-130.457387,-216.063011
-130.864486,-216.976163
-131.272207,-217.888986
-131.680565,-218.801472
-132.089579,-219.713612
-132.499263,-220.625397
-132.909632,-221.536821
-133.320698,-222.447876
-133.732473,-223.358556
-134.144967,-224.268855
-134.558187,-225.178767
-134.972139,-226.088289
-135.386828,-226.997418
-135.802255,-227.906151
-136.218419,-228.814487
-136.635317,-229.722427
-137.052942,-230.629970
-137.471284,-231.537122
-137.890332,-232.443885
-138.310069,-233.350267
-138.730473,-234.256274
-139.151523,-235.161920
-139.573185,-236.067204
-139.995450,-236.972208
-140.418326,-237.877104
-140.841780,-238.781967
-141.265766,-239.686807
-141.690231,-240.591652
-142.115118,-241.496530
-142.540363,-242.401471
-142.965895,-243.306508
-143.391638,-244.211678
-143.817512,-245.117019
-144.243427,-246.022572
-144.669289,-246.928381
-145.095000,-247.834493
-145.520453,-248.740957
-145.945540,-249.647824
-146.370146,-250.555147
-146.794153,-251.462980
-147.217439,-252.371379
-147.639880,-253.280400
-148.061350,-254.190100
-148.481721,-255.100537
-148.900867,-256.011768
-149.318659,-256.923848
-149.734971,-257.836834
-150.149678,-258.750777
-150.562657,-259.665731
-150.973790,-260.581747
-151.382958,-261.498868
-151.790054,-262.417154
-152.195017,-263.336806
-152.597757,-264.257983
-152.998159,-265.180700
-153.396116,-266.104983
-153.791520,-267.030850
-154.184270,-267.958319
-154.574270,-268.887402
-154.961426,-269.818110
-155.345649,-270.750454
-155.726851,-271.684439
-156.104953,-272.620069
-156.479874,-273.557348
-156.851540,-274.496277
-157.219879,-275.436856
-157.584821,-276.379083
-157.946302,-277.322958
-158.304258,-278.268478
-158.658629,-279.215640
-159.009358,-280.164442
-159.356390,-281.114882
-159.699672,-282.066957
-160.039154,-283.020668
-160.374789,-283.976015
-160.706530,-284.932997
-161.034335,-285.891620
-161.358162,-286.851887
-161.677973,-287.813806
-161.993726,-288.777378
-162.305355,-289.742451
-162.612824,-290.708867
-162.916102,-291.676614
-163.215162,-292.645671
-163.509978,-293.616019
-163.800522,-294.587641
-164.086770,-295.560517
-164.368699,-296.534629
-164.646286,-297.509959
-164.919509,-298.486490
-165.188347,-299.464204
-165.452782,-300.443086
-165.712794,-301.423118
-165.968366,-302.404286
-166.219480,-303.386575
-166.466122,-304.369971
-166.708277,-305.354460
-166.945930,-306.340029
-167.179069,-307.326666
-167.407682,-308.314361
-167.631758,-309.303103
-167.851287,-310.292882
-168.066260,-311.283690
-168.276668,-312.275521
-168.482506,-313.268367
-168.683766,-314.262223
-168.880443,-315.257086
-169.072534,-316.252940
-169.260036,-317.249760
-169.442949,-318.247535
-169.621272,-319.246263
-169.795006,-320.245937
-169.964152,-321.246556
-170.128712,-322.248117
-170.288689,-323.250619
-170.444085,-324.254061
-170.594905,-325.258446
-170.741153,-326.263775
-170.882836,-327.270054
-171.019958,-328.277277
-171.152529,-329.285489
-171.280562,-330.294416
-171.404124,-331.303567
-171.523268,-332.312811
-171.638031,-333.322143
-171.748452,-334.331516
-171.854568,-335.340885
-171.956417,-336.350196
-172.054036,-337.359387
-172.147462,-338.368391
-172.236734,-339.377137
-172.321891,-340.385548
-172.402972,-341.393550
-172.480020,-342.401041
-172.553071,-343.408032
-172.622136,-344.414816
-172.687229,-345.421558
-172.748387,-346.428206
-172.805646,-347.434748
-172.859048,-348.441162
-172.908633,-349.447430
-172.954449,-350.453533
-172.996546,-351.459451
-173.034976,-352.465169
-173.069798,-353.470668
-173.101076,-354.475934
-173.128877,-355.480950
-173.153277,-356.485703
-173.174354,-357.490180
-173.192198,-358.494369
-173.206901,-359.498259
-173.218566,-360.501842
-173.227301,-361.505108
-173.233223,-362.508051
-173.236457,-363.510666
-173.237133,-364.512948
-173.235389,-365.514894
-173.231368,-366.516504
-173.225219,-367.517775
-173.217092,-368.518710
-173.207141,-369.519310
-173.195520,-370.519580
-173.182384,-371.519517
-173.167860,-372.519357
-173.152041,-373.519356
-173.135063,-374.519523
-173.117063,-375.519852
-173.098171,-376.520340
-173.078511,-377.520984
-173.058199,-378.521780
-173.037343,-379.522724
-173.016045,-380.523813
-172.994398,-381.525042
-172.972487,-382.526407
-172.950389,-383.527904
-172.928174,-384.529529
-172.905903,-385.531278
-172.883629,-386.533147
-172.861401,-387.535133
-172.839257,-388.537232
-172.817231,-389.539442
-172.795348,-390.541758
-172.773630,-391.544180
-172.752089,-392.546703
-172.730736,-393.549327
-172.709572,-394.552048
-172.688597,-395.554867
-172.667803,-396.557781
-172.647179,-397.560789
-172.626710,-398.563891
-172.606378,-399.567089
-172.586167,-400.570319
-172.566071,-401.573501
-172.546067,-402.576629
-172.526121,-403.579709
-172.506203,-404.582742
-172.486279,-405.585729
-172.466314,-406.588672
-172.446274,-407.591572
-172.426122,-408.594430
-172.405823,-409.597247
-172.385344,-410.600024
-172.364648,-411.602762
-172.343705,-412.605460
-172.322483,-413.608120
-172.300952,-414.610741
-172.279086,-415.613323
-172.256860,-416.615867
-172.234251,-417.618372
-172.211242,-418.620839
-172.187815,-419.623266
-172.163959,-420.625655
-172.139665,-421.628004
-172.114926,-422.630314
-172.089742,-423.632585
-172.064113,-424.634816
-172.038047,-425.637009
-172.011550,-426.639162
-171.984638,-427.641277
-171.957325,-428.643353
-171.929632,-429.645392
-171.901582,-430.647393
-171.873200,-431.649357
-171.844517,-432.651286
-171.815562,-433.653179
-171.786371,-434.655039
-171.756977,-435.656866
-171.727419,-436.658662
-171.697734,-437.660427
-171.667963,-438.662164
-171.638144,-439.663873
-171.608316,-440.665555
-171.578520,-441.667214
-171.548793,-442.668849
-171.519173,-443.670462
-171.489695,-444.672054
-171.460393,-445.673628
-171.431299,-446.675183
-171.402441,-447.676722
-171.373847,-448.678245
-171.345539,-449.679753
-171.317537,-450.681246
-171.289858,-451.682726
-171.262516,-452.684192
-171.235520,-453.685645
-171.208877,-454.687085
-171.182589,-455.688511
-171.156656,-456.689922
-171.131078,-457.691290
-171.105854,-458.692594
-171.080973,-459.693834
-171.056422,-460.695008
-171.032187,-461.696113
-171.008250,-462.697148
-170.984593,-463.698111
-170.961196,-464.698998
-170.938037,-465.699808
-170.915094,-466.700537
-170.892345,-467.701183
-170.869768,-468.701743
-170.847341,-469.702215
-170.825044,-470.702594
-170.802856,-471.702880
-170.780761,-472.703068
-170.758742,-473.703157
-170.736789,-474.703144
-170.714891,-475.703027
-170.693044,-476.702803
-170.671247,-477.702472
-170.649502,-478.702032
-170.627817,-479.701480
-170.606198,-480.700817
-170.584655,-481.700040
-170.563197,-482.699150
-170.541825,-483.698142
-170.520533,-484.697024
-170.499307,-485.695761
-170.478136,-486.694147
-170.456981,-487.692039
-170.435740,-488.689455
-170.414274,-489.686389
-170.392399,-490.682841
-170.369884,-491.678813
-170.346448,-492.674305
-170.321765,-493.669321
-170.295464,-494.663869
-170.267129,-495.657957
-170.236302,-496.651606
-170.202492,-497.644819
-170.165173,-498.637696
-170.123817,-499.630012
-170.077774,-500.623071
-170.025813,-501.620396
-169.966699,-502.623321
-169.899686,-503.631258
-169.823886,-504.643933
-169.738421,-505.660932
-169.642383,-506.681829
-169.534845,-507.706167
-169.414857,-508.733468
-169.281460,-509.763243
-169.133687,-510.794994
-168.970577,-511.828224
-168.791175,-512.862461
-168.594541,-513.897182
-168.379962,-514.931173
-168.146971,-515.963008
-167.894862,-516.991786
-167.623011,-518.016599
-167.330841,-519.036595
-167.017825,-520.050973
-166.683482,-521.059003
-166.327363,-522.060028
-165.949044,-523.053477
-165.548099,-524.038890
-165.124121,-525.015852
-164.676565,-525.984283
-164.205484,-526.943100
-163.712140,-527.890270
-163.197043,-528.824959
-162.659996,-529.746935
-162.101048,-530.655718
-161.520278,-531.550797
-160.917849,-532.431594
-160.293990,-533.297482
-159.648993,-534.147801
-158.983211,-534.981860
-158.297048,-535.798961
-157.590979,-536.598375
-156.865174,-537.379650
-156.119506,-538.142567
-155.354131,-538.886735
-154.569233,-539.611751
-153.764976,-540.317224
-152.941508,-541.002769
-152.098960,-541.668003
-151.237441,-542.312544
-150.357036,-542.936002
-149.457803,-543.537982
-148.539787,-544.118069
-147.602961,-544.675849
-146.647819,-545.210689
-145.675391,-545.721702
-144.686325,-546.208154
-143.681204,-546.669361
-142.660641,-547.104655
-141.625246,-547.513392
-140.575616,-547.894952
-139.512336,-548.248736
-138.435946,-548.574166
-137.346990,-548.870677
-136.245807,-549.137715
-135.137033,-549.374759
-134.025692,-549.581219
-132.912791,-549.757273
-131.799309,-549.903130
-130.686411,-550.019003
-129.575360,-550.105153
-128.467497,-550.161898
-127.364213,-550.189631
-126.266920,-550.188826
-125.177022,-550.160044
-124.095891,-550.103930
-123.024859,-550.021212
-121.965131,-549.912677
-120.910880,-549.777539
-119.856014,-549.614501
-118.801292,-549.423290
-117.747468,-549.203641
-116.695358,-548.955323
-115.645814,-548.678132
-114.599722,-548.371897
-113.557999,-548.036478
-112.521580,-547.671771
-111.491414,-547.277705
-110.468459,-546.854244
-109.453667,-546.401380
-108.447990,-545.919139
-107.452476,-545.407632
-106.468574,-544.867245
-105.497720,-544.298402
-104.541295,-543.701598
-103.600602,-543.077373
-102.676857,-542.426301
-101.771185,-541.748981
-100.884610,-541.046011
-100.018042,-540.317973
-99.172288,-539.565415
-98.347994,-538.788796
-97.545840,-537.988616
-96.768876,-537.168209
-96.018734,-536.331402
-95.295054,-535.478512
-94.597667,-534.610054
-93.926485,-533.726558
-93.281508,-532.828623
-92.662798,-531.916916
-92.070463,-530.992164
-91.504650,-530.055177
-90.965495,-529.106782
-90.453232,-528.148050
-89.968355,-527.181061
-89.510643,-526.207178
-89.079644,-525.226636
-88.674994,-524.239828
-88.296375,-523.247130
-87.943556,-522.249071
-87.615538,-521.242950
-87.312499,-520.225924
-87.034990,-519.198884
-86.783484,-518.162842
-86.558362,-517.118670
-86.359977,-516.067349
-86.188479,-515.008928
-86.044383,-513.942727
-85.928419,-512.869496
-85.840983,-511.790486
-85.782406,-510.706517
-85.752945,-509.617238
-85.752435,-508.525510
-85.778808,-507.436709
-85.830744,-506.351727
-85.907749,-505.269712
-86.009189,-504.190595
-86.134282,-503.114895
-86.281007,-502.046005
-86.447238,-500.986625
-86.631491,-499.937394
-86.832020,-498.899576
-87.046980,-497.874494
-87.274179,-496.864013
-87.513268,-495.865921
-87.764598,-494.875494
-88.027090,-493.891891
-88.299392,-492.915000
-88.580240,-491.944461
-88.868398,-490.979891
-89.162615,-490.021005
-89.462068,-489.066705
-89.766333,-488.115247
-90.074612,-487.165909
-90.385916,-486.218489
-90.699379,-485.272687
-91.014173,-484.328253
-91.329532,-483.384946
-91.644751,-482.442550
-91.959230,-481.500885
-92.272492,-480.559816
-92.584196,-479.619253
-92.894071,-478.679131
-93.201883,-477.739382
-93.507392,-476.799994
-93.810503,-475.860669
-94.111302,-474.920818
-94.409733,-473.980212
-94.705647,-473.038844
-94.998942,-472.096667
-95.289526,-471.153654
-95.577324,-470.209784
-95.862274,-469.265039
-96.144325,-468.319405
-96.423436,-467.372875
-96.699573,-466.425442
-96.972710,-465.477102
-97.242827,-464.527856
-97.509909,-463.577704
-97.773947,-462.626648
-98.034932,-461.674693
-98.292861,-460.721843
-98.547732,-459.768104
-98.799548,-458.813482
-99.048310,-457.857984
-99.294021,-456.901617
-99.536687,-455.944389
-99.776313,-454.986307
-100.012903,-454.027380
-100.246464,-453.067614
-100.477000,-452.107017
-100.704517,-451.145598
-100.929017,-450.183364
-101.150505,-449.220322
-101.368983,-448.256480
-101.584450,-447.291844
-101.796907,-446.326422
-102.006352,-445.360220
-102.212780,-444.393245
-102.416185,-443.425504
-102.616561,-442.457002
-102.813898,-441.487745
-103.008183,-440.517740
-103.199402,-439.546992
-103.387540,-438.575507
-103.572576,-437.603290
-103.754490,-436.630348
-103.933258,-435.656685
-104.108852,-434.682307
-104.281243,-433.707221
-104.450398,-432.731431
-104.616284,-431.754944
-104.778861,-430.777766
-104.938089,-429.799904
-105.093925,-428.821363
-105.246321,-427.842151
-105.395229,-426.862275
-105.540597,-425.881743
-105.682369,-424.900564
-105.820488,-423.918746
-105.954894,-422.936298
-106.085524,-421.953231
-106.212312,-420.969554
-106.335189,-419.985292
-106.454077,-419.000478
-106.568901,-418.015130
-106.679588,-417.029261
-106.786060,-416.042886
-106.888239,-415.056021
-106.986046,-414.068681
-107.079398,-413.080883
-107.168215,-412.092648
-107.252415,-411.103993
-107.331917,-410.114939
-107.406645,-409.125508
-107.476522,-408.135724
-107.541478,-407.145610
-107.601449,-406.155191
-107.656373,-405.164495
-107.706199,-404.173549
-107.750882,-403.182381
-107.790386,-402.191021
-107.824682,-401.199499
-107.853752,-400.207847
-107.877584,-399.216094
-107.896179,-398.224274
-107.909543,-397.232416
-107.917693,-396.240554
-107.920653,-395.248717
-107.918455,-394.256937
-107.911140,-393.265245
-107.898754,-392.273670
-107.881351,-391.282240
-107.858991,-390.290985
-107.831739,-389.299930
-107.799664,-388.309102
-107.762840,-387.318525
-107.721346,-386.328222
-107.675261,-385.338216
-107.624669,-384.348527
-107.569653,-383.359174
-107.510300,-382.370175
-107.446695,-381.381546
-107.378925,-380.393302
-107.307075,-379.405457
-107.231231,-378.418023
-107.151474,-377.431010
-107.067886,-376.444429
-106.980549,-375.458286
-106.889538,-374.472590
-106.794931,-373.487345
-106.696800,-372.502557
-106.595218,-371.518229
-106.490254,-370.534364
-106.381978,-369.550961
-106.270456,-368.568022
-106.155755,-367.585545
-106.037943,-366.603528
-105.917085,-365.621967
-105.793252,-364.640854
-105.666513,-363.660196
-105.536938,-362.679824
-105.404612,-361.699507
-105.269618,-360.719202
-105.132037,-359.738898
-104.991962,-358.758576
-104.849491,-357.778219
-104.704734,-356.797810
-104.557807,-355.817331
-104.408840,-354.836762
-104.257973,-353.856083
-104.105358,-352.875272
-103.951159,-351.894305
-103.795552,-350.913157
-103.638728,-349.931801
-103.480885,-348.950208
-103.322235,-347.968348
-103.162999,-346.986186
-103.003404,-346.003692
-102.843686,-345.020829
-102.684082,-344.037563
-102.524831,-343.053860
-102.366169,-342.069686
-102.208326,-341.085009
-102.051525,-340.099799
-101.895974,-339.114032
-101.741866,-338.127684
-101.589370,-337.140740
-101.438633,-336.153191
-101.289769,-335.165029
-101.142844,-334.176058
-100.997920,-333.186081
-100.854989,-332.195108
-100.713997,-331.203156
-100.574832,-330.210256
-100.437323,-329.216455
-100.301232,-328.221813
-100.166254,-327.226403
-100.032013,-326.230312
-99.898062,-325.233634
-99.763889,-324.236473
-99.628918,-323.238931
-99.492524,-322.241131
-99.354029,-321.243114
-99.212756,-320.245225
-99.067936,-319.248655
-98.918718,-318.254142
-98.764434,-317.261687
-98.604416,-316.271425
-98.438031,-315.283483
-98.264667,-314.298014
-98.083721,-313.315195
-97.894604,-312.335225
-97.696742,-311.358325
-97.489558,-310.384744
-97.272464,-309.414749
-97.044858,-308.448683
-96.806123,-307.486728
-96.555723,-306.530262
-96.293248,-305.581654
-96.018355,-304.642030
-95.730729,-303.711947
-95.430120,-302.792073
-95.116321,-301.882997
-94.789165,-300.985183
-94.448530,-300.099156
-94.094092,-299.224057
-93.725395,-298.358770
-93.342431,-297.503898
-92.945391,-296.660427
-92.534483,-295.829140
-92.109974,-295.010771
-91.672137,-294.205877
-91.221344,-293.415122
-90.757572,-292.638064
-90.279636,-291.871920
-89.786653,-291.115077
-89.278530,-290.367740
-88.755075,-289.629892
-88.216168,-288.901681
-87.661710,-288.183310
-87.091641,-287.475063
-86.505938,-286.777289
-85.904621,-286.090394
-85.287766,-285.414829
-84.655514,-284.751069
-84.008068,-284.099610
-83.345684,-283.460964
-82.668677,-282.835664
-81.977386,-282.224220
-81.272314,-281.627257
-80.554498,-281.045878
-79.824741,-280.480905
-79.083413,-279.932593
-78.330938,-279.401241
-77.567729,-278.887109
-76.794203,-278.390437
-76.010770,-277.911442
-75.217839,-277.450321
-74.415808,-277.007245
-73.605067,-276.582365
-72.785992,-276.175810
-71.958943,-275.787689
-71.124263,-275.418090
-70.282278,-275.067083
-69.433273,-274.734714
-68.577573,-274.421039
-67.715184,-274.125980
-66.845801,-273.849305
-65.969675,-273.591018
-65.087425,-273.351297
-64.199610,-273.130242
-63.306813,-272.927927
-62.409611,-272.744380
-61.508577,-272.579586
-60.604272,-272.433487
-59.697242,-272.305980
-58.788005,-272.196914
-57.877055,-272.106094
-56.964841,-272.033282
-56.051787,-271.978197
-55.138201,-271.940514
-54.224574,-271.919874
-53.310342,-271.915898
-52.391708,-271.927939
-51.466064,-271.955168
-50.533567,-271.997488
-49.594168,-272.054646
-48.648079,-272.126373
-47.695611,-272.212331
-46.737181,-272.312118
-45.773276,-272.425261
-44.804432,-272.551218
-43.831209,-272.689379
-42.854172,-272.839077
-41.873872,-272.999586
-40.890819,-273.170142
-39.905522,-273.349937
-38.918269,-273.538177
-37.931047,-273.733831
-36.946034,-273.936360
-35.963211,-274.145077
-34.982283,-274.359260
-34.003039,-274.578231
-33.025260,-274.801334
-32.048739,-275.027951
-31.073285,-275.257500
-30.098717,-275.489444
-29.124867,-275.723297
-28.151583,-275.958625
-27.178730,-276.195059
-26.206188,-276.432292
-25.233854,-276.670082
-24.261639,-276.908251
-23.289440,-277.146675
-22.317203,-277.385265
-21.344921,-277.623970
-20.372590,-277.862765
-19.400213,-278.101640
-18.427792,-278.340591
-17.455331,-278.579615
-16.482833,-278.818713
-15.510301,-279.057881
-14.537739,-279.297118
-13.565149,-279.536420
-12.592536,-279.775785
-11.619902,-280.015210
-10.647250,-280.254693
-9.674584,-280.494231
-8.701908,-280.733823
-7.729224,-280.973467
-6.756537,-281.213161
-5.783849,-281.452903
-4.811166,-281.692693
-3.838489,-281.932529
-2.865823,-282.172410
-1.893171,-282.412333
-0.920537,-282.652300
0.052074,-282.892307
1.024661,-283.132355
1.997218,-283.372443
2.969742,-283.612570
3.942236,-283.852738
4.914707,-284.092948
5.887153,-284.333200
6.859576,-284.573499
7.831973,-284.813845
8.804346,-285.054244
9.776693,-285.294699
10.749013,-285.535214
11.721305,-285.775795
12.693570,-286.016447
13.665804,-286.257175
14.638009,-286.497984
15.610183,-286.738878
16.582325,-286.979861
17.554435,-287.220935
18.526514,-287.462103
19.498560,-287.703364
20.470576,-287.944716
21.442562,-288.186157
22.414519,-288.427682
23.386450,-288.669285
24.358356,-288.910958
25.330239,-289.152691
26.302104,-289.394475
27.273952,-289.636299
28.245787,-289.878149
29.217612,-290.120012
30.189431,-290.361876
31.161247,-290.603725
32.133065,-290.845546
33.104887,-291.087325
34.076718,-291.329046
35.048562,-291.570696
36.020421,-291.812261
36.992299,-292.053728
37.964200,-292.295083
38.936127,-292.536316
39.908082,-292.777413
40.880070,-293.018366
41.852091,-293.259163
42.824149,-293.499795
43.796247,-293.740255
44.768385,-293.980536
45.740566,-294.220631
46.712791,-294.460535
47.685062,-294.700243
48.657380,-294.939754
49.629745,-295.179065
50.602158,-295.418175
51.574619,-295.657085
52.547127,-295.895796
53.519684,-296.134311
54.492287,-296.372634
55.464937,-296.610770
56.437631,-296.848726
57.410369,-297.086510
58.383148,-297.324130
59.355972,-297.561599
60.328840,-297.798926
61.301748,-298.036125
62.274693,-298.273210
63.247672,-298.510196
64.220681,-298.747099
65.193715,-298.983937
66.166770,-299.220727
67.139842,-299.457488
68.112925,-299.694239
69.086016,-299.931000
70.059109,-300.167789
71.032201,-300.404626
72.005286,-300.641528
72.978360,-300.878514
73.951419,-301.115599
74.924461,-301.352796
75.897482,-301.590117
76.870481,-301.827569
77.843456,-302.065157
78.816408,-302.302881
79.789337,-302.540735
80.762246,-302.778709
81.735139,-303.016785
82.708022,-303.254940
83.680902,-303.493140
84.653789,-303.731347
85.626694,-303.969509
86.599632,-304.207570
87.572618,-304.445459
88.545672,-304.683100
89.518813,-304.920401
90.492066,-305.157264
91.465456,-305.393581
92.439011,-305.629230
93.412762,-305.864085
94.386741,-306.098008
95.360981,-306.330857
96.335517,-306.562481
97.310386,-306.792728
98.285623,-307.021442
99.261266,-307.248468
100.237349,-307.473651
101.213908,-307.696844
102.190975,-307.917905
103.168581,-308.136703
104.146751,-308.353121
105.125511,-308.567056
106.104877,-308.778427
107.084864,-308.987177
108.065476,-309.193273
109.046715,-309.396713
110.028569,-309.597532
111.011023,-309.795802
111.994046,-309.991637
112.977607,-310.185202
113.961616,-310.376700
114.945893,-310.566396
115.930311,-310.754620
116.914802,-310.941747
117.899269,-311.128209
118.883609,-311.314483
119.867709,-311.501091
120.851447,-311.688584
121.834694,-311.877540
122.817317,-312.068545
123.799183,-312.262188
124.780157,-312.459048
125.760106,-312.659685
126.738901,-312.864637
127.716416,-313.074409
128.692532,-313.289473
129.667133,-313.510263
130.640110,-313.737178
131.611358,-313.970584
132.580772,-314.210824
133.548249,-314.458232
134.513681,-314.713131
135.476960,-314.975840
136.437972,-315.246669
137.396600,-315.525932
138.352722,-315.813948
139.306206,-316.111040
140.256924,-316.417535
141.204703,-316.733760
142.146518,-317.059666
143.079044,-317.394944
144.001551,-317.739513
144.913272,-318.093228
145.813492,-318.455902
146.701615,-318.827333
147.577103,-319.207307
148.439972,-319.595711
149.293678,-319.993384
150.140797,-320.401267
150.980733,-320.819258
151.813144,-321.247314
152.637621,-321.685341
153.453823,-322.133243
154.261300,-322.590849
155.060116,-323.058183
155.852831,-323.536441
156.641734,-324.026817
157.427036,-324.529713
158.209048,-325.045572
158.987903,-325.574767
159.763600,-326.117610
160.536173,-326.674446
161.305082,-327.245272
162.066528,-327.828076
162.817158,-328.421082
163.556601,-329.023917
164.284229,-329.636048
164.999541,-330.256970
165.702102,-330.886194
166.391429,-331.523144
167.068550,-332.168424
167.735157,-332.823141
168.391446,-333.487433
169.037389,-334.161299
169.672994,-334.844769
170.298242,-335.537864
170.913096,-336.240602
171.517505,-336.952993
172.111406,-337.675041
172.694732,-338.406734
173.267404,-339.148054
173.829331,-339.898971
174.380411,-340.659452
174.920530,-341.429459
175.449550,-342.208926
175.967374,-342.997847
176.473550,-343.795719
176.967295,-344.601635
177.448227,-345.415073
177.916134,-346.235655
178.370798,-347.062972
178.812042,-347.896635
179.239715,-348.736262
179.653698,-349.581489
180.053901,-350.431970
180.440266,-351.287383
180.812763,-352.147428
181.171394,-353.011843
181.516186,-353.880385
181.847212,-354.752896
182.164519,-355.629104
182.468385,-356.509393
182.760113,-357.396514
183.040895,-358.292338
183.310605,-359.196760
183.569274,-360.109798
183.816883,-361.031301
184.053433,-361.961040
184.278948,-362.898701
184.493486,-363.843902
184.697151,-364.796206
184.890097,-365.755132
185.072538,-366.720173
185.244745,-367.690799
185.407056,-368.666484
185.559860,-369.646670
185.703623,-370.630935
185.838708,-371.618064
185.965230,-372.606669
186.083720,-373.596426
186.194878,-374.587294
186.299379,-375.579178
186.397912,-376.572011
186.491164,-377.565727
186.579818,-378.560276
186.664547,-379.555610
186.746007,-380.551693
186.824830,-381.548492
186.901610,-382.545986
186.976894,-383.544150
187.051172,-384.543000
187.124813,-385.542334
187.198021,-386.541795
187.270993,-387.541284
187.343887,-388.540803
187.416775,-389.540340
187.489684,-390.539891
187.562609,-391.539449
187.635540,-392.539015
187.708466,-393.538583
187.781380,-394.538150
187.854284,-395.537712
187.927177,-396.537266
188.000065,-397.536806
188.072951,-398.536329
188.145838,-399.535828
188.218727,-400.535301
188.291620,-401.534742
188.364518,-402.534148
188.437421,-403.533513
188.510328,-404.532832
188.583242,-405.532103
188.656163,-406.531319
188.729093,-407.530476
188.802033,-408.529569
188.874985,-409.528594
188.947952,-410.527546
189.020937,-411.526419
189.093944,-412.525211
189.166977,-413.523908
189.240027,-414.522457
189.313090,-415.520833
189.386176,-416.519044
189.459290,-417.517094
189.532443,-418.514989
189.605643,-419.512734
189.678897,-420.510334
189.752214,-421.507795
189.825600,-422.505124
189.899062,-423.502328
189.972605,-424.499412
190.046231,-425.496385
190.119942,-426.493257
190.193735,-427.490026
190.267652,-428.486907
190.341769,-429.484144
190.416087,-430.481748
190.490591,-431.479708
190.565268,-432.478018
190.640103,-433.476670
190.715076,-434.475657
190.790165,-435.474971
190.865348,-436.474604
190.940597,-437.474551
191.015884,-438.474805
191.091179,-439.475361
191.166449,-440.476212
191.241663,-441.477370
191.316741,-442.478628
191.391561,-443.479743
191.466077,-444.480702
191.540253,-445.481521
191.614050,-446.482206
191.687431,-447.482767
191.760356,-448.483210
191.832788,-449.483543
191.904689,-450.483772
191.976020,-451.483904
192.046748,-452.483943
192.116834,-453.483896
192.186247,-454.483765
192.254950,-455.483556
192.322913,-456.483272
192.390103,-457.482915
192.456489,-458.482489
192.522041,-459.481995
192.586729,-460.481435
192.650525,-461.480811
192.713398,-462.480124
192.775321,-463.479374
192.836265,-464.478561
192.896201,-465.477687
192.955099,-466.476751
193.012930,-467.475753
193.069663,-468.474692
193.125268,-469.473573
193.179702,-470.472337
193.232913,-471.470896
193.284863,-472.469224
193.335520,-473.467305
193.384846,-474.465123
193.432806,-475.462660
193.479362,-476.459900
193.524477,-477.456828
193.568113,-478.453426
193.610231,-479.449680
193.650792,-480.445574
193.689757,-481.441095
193.727086,-482.436228
193.762740,-483.430960
193.796679,-484.425279
193.828862,-485.419174
193.859252,-486.412633
193.887806,-487.405648
193.914488,-488.398210
193.939256,-489.390311
193.962072,-490.381946
193.982898,-491.373109
194.001695,-492.363797
194.018425,-493.354007
194.033050,-494.343740
194.045535,-495.332997
194.055842,-496.321779
194.063936,-497.310092
194.069782,-498.297946
194.073371,-499.285564
194.074700,-500.273144
194.073734,-501.260685
194.070437,-502.248189
194.064776,-503.235658
194.056719,-504.223095
194.046231,-505.210498
194.033283,-506.197868
194.017843,-507.185206
193.999880,-508.172509
193.979367,-509.159777
193.956273,-510.147008
193.930572,-511.134199
193.902237,-512.121347
193.871242,-513.108449
193.837563,-514.095502
193.801174,-515.082501
193.762053,-516.069443
193.720178,-517.056322
193.675527,-518.043133
193.628079,-519.029871
193.577815,-520.016530
193.524716,-521.003105
193.468763,-521.989588
193.409940,-522.975975
193.348229,-523.962256
193.283614,-524.948427
193.216081,-525.934480
193.145615,-526.920406
193.072201,-527.906207
192.995828,-528.891881
192.916484,-529.877420
192.834155,-530.862810
192.748830,-531.848043
192.660500,-532.833105
192.569152,-533.817986
192.474777,-534.802674
192.377365,-535.787156
192.276908,-536.771421
192.173396,-537.755457
192.066821,-538.739249
191.957176,-539.722787
191.844451,-540.706056
191.728641,-541.689044
191.609737,-542.671737
191.487733,-543.654122
191.362623,-544.636186
191.234400,-545.617913
191.103059,-546.599291
190.968594,-547.580306
190.830999,-548.560942
190.690270,-549.541187
190.546401,-550.521024
190.399389,-551.500441
190.249230,-552.479421
190.095920,-553.457952
189.939456,-554.436014
189.779834,-555.413605
189.617045,-556.390820
189.451092,-557.367735
189.281971,-558.344339
189.109677,-559.320631
188.934210,-560.296604
188.755568,-561.272254
188.573752,-562.247574
188.388763,-563.222556
188.200604,-564.197195
188.009281,-565.171482
187.814800,-566.145410
187.617171,-567.118971
187.416406,-568.092158
187.212517,-569.064963
187.005522,-570.037378
186.795440,-571.009397
186.582294,-571.981014
186.366109,-572.952222
186.146914,-573.923016
185.924742,-574.893393
185.699626,-575.863348
185.471607,-576.832879
185.240727,-577.801984
185.007033,-578.770662
184.770573,-579.738915
184.531400,-580.706743
184.289572,-581.674151
184.045148,-582.641141
183.798192,-583.607719
183.548768,-584.573891
183.296947,-585.539665
183.042800,-586.505050
182.786400,-587.470055
182.527825,-588.434691
182.267153,-589.398971
182.004463,-590.362905
181.739836,-591.326509
181.473356,-592.289795
181.205104,-593.252780
180.935163,-594.215477
180.663619,-595.177903
180.390552,-596.140074
180.116047,-597.102005
179.840185,-598.063714
179.563047,-599.025217
179.284713,-599.986529
179.005261,-600.947668
178.724767,-601.908650
178.443307,-602.869489
178.160953,-603.830203
177.877775,-604.790805
177.593843,-605.751312
177.309222,-606.711737
177.023976,-607.672094
176.738167,-608.632398
176.451853,-609.592660
176.165091,-610.552894
175.877950,-611.513009
175.590483,-612.472917
175.302739,-613.432635
175.014761,-614.392180
174.726592,-615.351570
174.438273,-616.310819
174.149840,-617.269942
173.861330,-618.228955
173.572776,-619.187870
173.284210,-620.146700
172.995661,-621.105458
172.707155,-622.064155
172.418720,-623.022802
172.130378,-623.981411
171.842152,-624.939991
171.554061,-625.898552
171.266125,-626.857103
170.978359,-627.815653
170.690781,-628.774211
170.403403,-629.732783
170.116239,-630.691379
169.829300,-631.650006
169.542597,-632.608669
169.256137,-633.567377
168.969930,-634.526136
168.683982,-635.484952
168.398299,-636.443832
168.112887,-637.402777
167.827744,-638.361823
167.542867,-639.321038
167.258261,-640.280440
166.973929,-641.240025
166.689874,-642.199791
166.406100,-643.159738
166.122608,-644.119862
165.839401,-645.080163
165.556479,-646.040639
165.273843,-647.001286
164.991495,-647.962103
164.709436,-648.923086
164.427664,-649.884233
164.146182,-650.845542
163.864989,-651.807010
163.584085,-652.768633
163.303471,-653.730409
163.023147,-654.692336
162.743114,-655.654409
162.463372,-656.616627
162.183923,-657.578987
161.904767,-658.541486
161.625906,-659.504121
161.347342,-660.466890
161.069077,-661.429790
160.791114,-662.392820
160.513456,-663.355977
160.236107,-664.319260
159.959070,-665.282662
159.682357,-666.246145
159.405972,-667.209680
159.129919,-668.173272
158.854204,-669.136925
158.578830,-670.100640
158.303804,-671.064421
158.029132,-672.028271
157.754819,-672.992193
157.480872,-673.956189
157.207297,-674.920264
156.934102,-675.884420
156.661291,-676.848661
156.388873,-677.812990
156.116852,-678.777409
155.845235,-679.741922
155.574027,-680.706532
155.303232,-681.671240
155.032854,-682.636050
154.762894,-683.600963
154.493355,-684.565982
154.224235,-685.531106
153.955533,-686.496337
153.687245,-687.461675
153.419366,-688.427120
153.151885,-689.392670
152.884794,-690.358325
152.618077,-691.324080
152.351720,-692.289935
152.085703,-693.255874
151.820006,-694.221873
151.554602,-695.187922
151.289461,-696.154014
151.024551,-697.120139
150.759834,-698.086285
150.495268,-699.052443
150.230809,-700.018598
149.966407,-700.984737
149.702008,-701.950845
149.437556,-702.916907
149.172989,-703.882904
148.908244,-704.848819
148.643250,-705.814632
148.377938,-706.780325
148.112232,-707.745875
147.846054,-708.711261
147.579325,-709.676460
147.311963,-710.641450
147.043884,-711.606207
146.775001,-712.570706
146.505230,-713.534923
146.234483,-714.498833
145.962672,-715.462412
145.689711,-716.425633
145.415511,-717.388473
145.139988,-718.350905
144.863056,-719.312907
144.584636,-720.274432
144.304650,-721.235420
144.023022,-722.195837
143.739676,-723.155660
143.454543,-724.114863
143.167557,-725.073422
142.878657,-726.031315
142.587792,-726.988520
142.294915,-727.945017
141.999993,-728.900792
141.703004,-729.855829
141.403941,-730.810118
141.102816,-731.763657
140.799661,-732.716444
140.494535,-733.668489
140.187526,-734.619809
139.878757,-735.570429
139.568389,-736.520388
139.256623,-737.469735
138.943709,-738.418536
138.629942,-739.366869
138.315665,-740.314827
138.001270,-741.262520
137.687188,-742.210072
137.373890,-743.157619
137.061874,-744.105309
136.751659,-745.053297
136.443770,-746.001751
136.138739,-746.950815
135.836928,-747.901400
135.538715,-748.854519
135.244592,-749.810393
134.955036,-750.769188
134.670518,-751.731064
134.391508,-752.696168
134.118481,-753.664633
133.851914,-754.636578
133.592285,-755.612109
133.340084,-756.591318
133.095816,-757.574291
132.860001,-758.561090
132.633161,-759.551799
132.415851,-760.546363
132.208297,-761.546472
132.011255,-762.553905
131.825530,-763.568290
131.651879,-764.589046
131.491033,-765.615630
131.343691,-766.647491
131.210507,-767.684101
131.092096,-768.724967
130.989027,-769.769652
130.901824,-770.817792
130.830973,-771.869118
130.776922,-772.923470
130.740085,-773.980851
130.720671,-775.038933
130.718053,-776.095281
130.732298,-777.149943
130.763481,-778.202917
130.811670,-779.254118
130.876930,-780.303393
130.959323,-781.350523
131.058910,-782.395232
131.175744,-783.437188
131.309863,-784.476012
131.461279,-785.511279
131.629967,-786.542532
131.815863,-787.569284
132.018837,-788.590981
132.238774,-789.607439
132.475630,-790.618648
132.729361,-791.624566
132.999929,-792.625120
133.287290,-793.620207
133.591402,-794.609697
133.912220,-795.593430
134.249696,-796.571225
134.603771,-797.542867
134.974407,-798.508165
135.361469,-799.466736
135.765340,-800.419114
136.187030,-801.366245
136.626839,-802.307804
137.084625,-803.243001
137.560343,-804.171205
138.053924,-805.091798
138.565312,-806.004223
139.094472,-806.907976
139.641395,-807.802613
140.206109,-808.687753
140.788697,-809.563092
141.389265,-810.428350
142.008132,-811.283485
142.645000,-812.127803
143.298149,-812.959650
143.966605,-813.778326
144.650445,-814.583872
145.349473,-815.376093
146.063490,-816.154768
146.792221,-816.919613
147.535330,-817.670304
148.292417,-818.406487
149.063019,-819.127789
149.846616,-819.833830
150.642615,-820.524216
151.450439,-821.198605
152.269992,-821.856977
153.101313,-822.499419
153.944073,-823.125821
154.797972,-823.736108
155.662682,-824.330204
156.537866,-824.908050
157.423176,-825.469592
158.318250,-826.014795
159.222718,-826.543634
160.136201,-827.056100
161.058311,-827.552200
161.988655,-828.031956
162.926834,-828.495408
163.872444,-828.942612
164.825077,-829.373641
165.784324,-829.788585
166.749776,-830.187551
167.721021,-830.570660
168.697648,-830.938052
169.679248,-831.289883
170.665414,-831.626324
171.655739,-831.947563
172.649821,-832.253804
173.647259,-832.545264
174.647666,-832.822178
175.650625,-833.084778
176.656405,-833.333427
177.665462,-833.568346
178.677559,-833.789712
179.692422,-833.997716
180.709800,-834.192563
181.729459,-834.374465
182.751182,-834.543644
183.774767,-834.700324
184.800037,-834.844736
185.826833,-834.977112
186.855021,-835.097684
187.884480,-835.206683
188.915157,-835.304348
189.946840,-835.390908
190.978420,-835.466687
192.009114,-835.532217
193.038990,-835.587852
194.068007,-835.633954
195.096135,-835.670865
196.123324,-835.698923
197.149514,-835.718462
198.174630,-835.729811
199.198588,-835.733296
200.221292,-835.729241
201.242637,-835.717967
202.262506,-835.699791
203.280784,-835.675023
204.297706,-835.643913
205.313588,-835.606625
206.328444,-835.563408
207.342302,-835.514506
208.355185,-835.460160
209.367117,-835.400607
210.378123,-835.336076
211.388227,-835.266794
212.397453,-835.192980
213.405823,-835.114850
214.413361,-835.032613
215.420087,-834.946474
216.426021,-834.856630
217.431182,-834.763276
218.435587,-834.666598
219.439253,-834.566777
220.442193,-834.463988
221.444421,-834.358399
222.445947,-834.250172
223.446781,-834.139462
224.446930,-834.026416
225.446400,-833.911176
226.445195,-833.793876
227.443318,-833.674645
228.440767,-833.553600
229.437547,-833.430851
230.433633,-833.306506
231.429150,-833.180626
232.424378,-833.053187
233.419415,-832.924202
234.414245,-832.793730
235.408875,-832.661812
236.403309,-832.528486
237.397548,-832.393788
238.391596,-832.257746
239.385453,-832.120387
240.379122,-831.981733
241.372604,-831.841805
242.365901,-831.700618
243.359014,-831.558189
244.351943,-831.414528
245.344691,-831.269648
246.337257,-831.123558
247.329643,-830.976265
248.321850,-830.827779
249.313878,-830.678107
250.305730,-830.527256
251.297406,-830.375234
252.288909,-830.222049
253.280240,-830.067711
254.271401,-829.912229
255.262395,-829.755614
256.253226,-829.597878
257.243896,-829.439036
258.234410,-829.279101
259.224768,-829.118094
260.214892,-828.956060
261.204726,-828.793053
262.194281,-828.629094
263.183558,-828.464208
264.172565,-828.298419
265.161305,-828.131753
266.149782,-827.964235
267.138000,-827.795887
268.125963,-827.626734
269.113673,-827.456800
270.101134,-827.286105
271.088347,-827.114671
272.075315,-826.942518
273.062038,-826.769664
274.048518,-826.596129
275.034756,-826.421928
276.020752,-826.247079
277.006507,-826.071598
277.992021,-825.895498
278.977293,-825.718796
279.962323,-825.541506
280.947113,-825.363643
281.931660,-825.185222
282.915965,-825.006258
283.900029,-824.826768
284.883852,-824.646769
285.867434,-824.466278
286.850777,-824.285315
287.833943,-824.103879
288.816991,-823.921964
289.799924,-823.739593
290.782751,-823.556788
291.765475,-823.373575
292.748104,-823.189978
293.730645,-823.006025
294.713104,-822.821744
295.695487,-822.637161
296.677803,-822.452307
297.660057,-822.267209
298.642258,-822.081898
299.624411,-821.896401
300.606524,-821.710747
301.588603,-821.524965
302.570656,-821.339082
303.552689,-821.153124
304.534709,-820.967117
305.516721,-820.781087
306.498733,-820.595057
307.480749,-820.409050
308.462775,-820.223089
309.444818,-820.037195
310.426882,-819.851387
311.408972,-819.665685
312.391094,-819.480106
313.373253,-819.294669
314.355453,-819.109389
315.337693,-818.924283
316.319962,-818.739373
317.302259,-818.554675
318.284586,-818.370201
319.266946,-818.185966
320.249339,-818.001982
321.231768,-817.818259
322.214233,-817.634810
323.196737,-817.451644
324.179280,-817.268773
325.161864,-817.086205
326.144489,-816.903951
327.127157,-816.722018
328.109869,-816.540416
329.092626,-816.359152
330.075428,-816.178236
331.058277,-815.997674
332.041172,-815.817475
333.024116,-815.637645
334.007108,-815.458191
334.990149,-815.279122
335.973239,-815.100443
336.956381,-814.922162
337.939573,-814.744286
338.922817,-814.566822
339.906114,-814.389775
340.889463,-814.213154
341.872867,-814.036964
342.856325,-813.861213
343.839838,-813.685908
344.823407,-813.511055
345.807033,-813.336661
346.790716,-813.162734
347.774457,-812.989281
348.758257,-812.816309
349.742118,-812.643824
350.726039,-812.471836
351.710022,-812.300350
352.694068,-812.129375
353.678178,-811.958919
354.662353,-811.788988
355.646593,-811.619591
356.630901,-811.450736
357.615277,-811.282431
358.599722,-811.114683
359.584238,-810.947502
360.568826,-810.780894
361.553486,-810.614868
362.538222,-810.449433
363.523033,-810.284597
364.507921,-810.120369
365.492888,-809.956755
366.477934,-809.793766
367.463063,-809.631408
368.448274,-809.469692
369.433570,-809.308624
370.418951,-809.148213
371.404420,-808.988468
372.389999,-808.829390
373.375709,-808.670977
374.361551,-808.513237
375.347525,-808.356179
376.333631,-808.199810
377.319870,-808.044137
378.306241,-807.889168
379.292743,-807.734910
380.279378,-807.581370
381.266143,-807.428554
382.253040,-807.276466
383.240066,-807.125114
384.227222,-806.974501
385.214506,-806.824631
386.201918,-806.675508
387.189456,-806.527133
388.177119,-806.379510
389.164905,-806.232637
390.152814,-806.086516
391.140842,-805.941144
392.128989,-805.796519
393.117252,-805.652638
394.105629,-805.509494
395.094116,-805.367082
396.082712,-805.225394
397.071414,-805.084421
398.060218,-804.944150
399.049119,-804.804571
400.038131,-804.665665
401.027292,-804.527401
402.016616,-804.389754
403.006098,-804.252705
403.995736,-804.116235
404.985528,-803.980321
405.975471,-803.844938
406.965563,-803.710062
407.955799,-803.575665
408.946177,-803.441719
409.936694,-803.308194
410.927345,-803.175058
411.918128,-803.042281
412.909037,-802.909827
413.900069,-802.777664
414.891220,-802.645754
415.882486,-802.514063
416.873862,-802.382552
417.865344,-802.251184
418.856927,-802.119922
419.848607,-801.988724
420.840380,-801.857554
421.832240,-801.726369
422.824184,-801.595131
423.816206,-801.463799
424.808302,-801.332331
425.800467,-801.200686
426.792696,-801.068823
427.784986,-800.936700
428.777345,-800.804269
429.769778,-800.671483
430.762278,-800.538297
431.754837,-800.404670
432.747447,-800.270555
433.740100,-800.135908
434.732789,-800.000683
435.725506,-799.864832
436.718243,-799.728308
437.710991,-799.591060
438.703742,-799.453040
439.696487,-799.314194
440.689219,-799.174471
441.681928,-799.033815
442.674605,-798.892173
443.667241,-798.749486
444.659827,-798.605697
445.652353,-798.460749
446.644809,-798.314581
447.637185,-798.167133
448.629472,-798.018346
449.621660,-797.868159
450.613739,-797.716514
451.605698,-797.563351
452.597528,-797.408613
453.589220,-797.252246
454.580765,-797.094197
455.572153,-796.934418
456.563262,-796.772902
457.553975,-796.609662
458.544286,-796.444668
459.534190,-796.277896
460.523682,-796.109328
461.512760,-795.938957
462.501420,-795.766783
463.489662,-795.592820
464.477489,-795.417090
465.464904,-795.239630
466.451913,-795.060490
467.438527,-794.879734
468.424756,-794.697443
469.410617,-794.513712
470.396128,-794.328653
471.381311,-794.142395
472.366192,-793.955081
473.350800,-793.766872
474.335165,-793.577941
475.319322,-793.388472
476.303308,-793.198660
477.287159,-793.008705
478.270914,-792.818810
479.254611,-792.629175
480.238288,-792.439997
481.221978,-792.251462
482.205715,-792.063742
483.189532,-791.876990
484.173417,-791.691353
485.157316,-791.506976
486.141218,-791.323960
487.125138,-791.142364
488.109078,-790.962228
489.093039,-790.783568
490.077015,-790.606382
491.060997,-790.430650
492.044973,-790.256341
493.028932,-790.083418
494.012862,-789.911842
494.996749,-789.741573
495.980584,-789.572579
496.964359,-789.404833
497.948066,-789.238316
498.931703,-789.073013
499.915266,-788.908919
500.898757,-788.746033
501.882178,-788.584362
502.865537,-788.423924
503.848842,-788.264751
504.832110,-788.106900
505.815361,-787.950452
506.798622,-787.795520
507.781927,-787.642244
508.765305,-787.490780
509.748810,-787.341281
510.732407,-787.193918
511.716401,-787.048750
512.703269,-786.904989
513.694738,-786.761474
514.690434,-786.617582
515.690127,-786.472102
516.693489,-786.323354
517.700161,-786.169221
518.709745,-786.007298
519.721817,-785.835054
520.735931,-785.649960
521.751614,-785.449533
522.768345,-785.231288
523.785517,-784.992625
524.802385,-784.730766
525.818076,-784.442842
526.831486,-784.126016
527.840343,-783.777863
528.842002,-783.396391
529.833846,-782.979929
530.813330,-782.527166
531.778038,-782.037144
532.725759,-781.509252
533.654531,-780.943164
534.562659,-780.338612
535.448536,-779.695273
536.310998,-779.012305
537.147825,-778.289820
537.953604,-777.533420
538.725423,-776.748777
539.463147,-775.937341
540.166096,-775.101730
540.833662,-774.244769
541.465363,-773.369852
542.061193,-772.481169
542.623131,-771.581684
543.154128,-770.673569
543.657629,-769.759153
544.137598,-768.840815
544.598489,-767.921036
545.045659,-767.002297
545.484891,-766.086991
545.921397,-765.177539
546.359136,-764.275935
546.800419,-763.383527
547.245911,-762.500799
547.694993,-761.628336
548.147744,-760.763675
548.605490,-759.899590
549.068471,-759.032518
549.536222,-758.162747
550.008247,-757.289822
550.483919,-756.413604
550.962716,-755.533659
551.443521,-754.651145
551.925146,-753.768594
552.407044,-752.886559
552.888953,-752.004688
553.370752,-751.122955
553.852424,-750.241324
554.333972,-749.359794
554.815406,-748.478360
555.296727,-747.597016
555.777930,-746.715753
556.259007,-745.834560
556.739944,-744.953425
557.220726,-744.072336
557.701334,-743.191279
558.181746,-742.310240
558.661935,-741.429202
559.141869,-740.548146
559.621510,-739.667053
560.100814,-738.785898
560.579731,-737.904654
561.058204,-737.023293
561.536173,-736.141784
562.013572,-735.260093
562.490331,-734.378186
562.966378,-733.496027
563.441636,-732.613579
563.916030,-731.730801
564.389474,-730.847661
564.861901,-729.964085
565.333300,-729.079799
565.803610,-728.194592
566.272725,-727.308438
566.740541,-726.421285
567.206953,-725.533088
567.671856,-724.643804
568.135146,-723.753388
568.596718,-722.861797
569.056467,-721.968988
569.514290,-721.074920
569.970082,-720.179552
570.423738,-719.282843
570.875156,-718.384754
571.324231,-717.485247
571.770863,-716.584283
572.214948,-715.681826
572.656386,-714.777841
573.095078,-713.872291
573.530923,-712.965144
573.963825,-712.056365
574.393688,-711.145923
574.820417,-710.233787
575.243919,-709.319927
575.664105,-708.404315
576.080884,-707.486921
576.494170,-706.567719
576.903878,-705.646686
577.309927,-704.723783
577.712266,-703.798867
578.110807,-702.871831
578.505449,-701.942692
578.896097,-701.011455
579.282659,-700.078127
579.665051,-699.142713
580.043191,-698.205216
580.417004,-697.265639
580.786419,-696.323980
581.151368,-695.380233
581.511792,-694.434389
581.867638,-693.486440
582.218863,-692.536362
582.565423,-691.584159
582.907208,-690.630276
583.244201,-689.675141
583.576414,-688.718744
583.903858,-687.761104
584.226548,-686.802241
584.544495,-685.842183
584.857717,-684.880963
585.166232,-683.918621
585.470063,-682.955201
585.769231,-681.990753
586.063763,-681.025331
586.353686,-680.058991
586.639024,-679.091803
586.919813,-678.123796
587.196096,-677.154896
587.467910,-676.185060
587.735293,-675.214317
587.998287,-674.242680
588.256930,-673.270173
588.511265,-672.296814
588.761333,-671.322625
589.007177,-670.347628
589.248838,-669.371846
589.486360,-668.395300
589.719784,-667.418015
589.949152,-666.440014
590.174509,-665.461321
590.395897,-664.481961
590.613357,-663.501958
590.826933,-662.521337
591.036668,-661.540124
591.242602,-660.558342
591.444779,-659.576019
591.643240,-658.593179
591.838027,-657.609848
592.029182,-656.626051
592.216746,-655.641813
592.400761,-654.657162
592.581268,-653.672121
592.758306,-652.686714
592.931915,-651.700979
593.102138,-650.714865
593.269005,-649.728202
593.432534,-648.740935
593.592756,-647.753101
593.749699,-646.764716
593.903390,-645.775799
594.053858,-644.786370
594.201130,-643.796447
594.345235,-642.806049
594.486201,-641.815191
594.624055,-640.823892
594.758824,-639.832166
594.890538,-638.840030
595.019223,-637.847497
595.144907,-636.854582
595.267619,-635.861297
595.387386,-634.867654
595.504236,-633.873666
595.618198,-632.879342
595.729299,-631.884693
595.837567,-630.889726
595.943031,-629.894451
596.045718,-628.898872
596.145656,-627.902997
596.242873,-626.906831
596.337398,-625.910375
596.429259,-624.913635
596.518486,-623.916607
596.605108,-622.919314
596.689172,-621.921898
596.770732,-620.924449
596.849825,-619.926956
596.926487,-618.929421
597.000756,-617.931845
597.072669,-616.934229
597.142262,-615.936575
597.209572,-614.938887
597.274637,-613.941166
597.337493,-612.943417
597.398176,-611.945645
597.456725,-610.947854
597.513175,-609.950051
597.567564,-608.952240
597.619926,-607.954428
597.670300,-606.956623
597.718720,-605.958831
597.765223,-604.961061
597.809845,-603.963321
597.852620,-602.965620
597.893584,-601.967966
597.932772,-600.970370
597.970217,-599.972841
598.005953,-598.975389
598.040014,-597.978025
598.072433,-596.980759
598.103242,-595.983604
598.132474,-594.986569
598.160164,-593.989694
598.186351,-592.993007
598.211067,-591.996504
598.234344,-591.000181
598.256212,-590.004035
598.276702,-589.008063
598.295842,-588.012262
598.313662,-587.016629
598.330188,-586.021162
598.345448,-585.025857
598.359469,-584.030713
598.372275,-583.035727
598.383891,-582.040896
598.394342,-581.046217
598.403649,-580.051687
598.411836,-579.057303
598.418924,-578.063062
598.424934,-577.068958
598.429885,-576.074988
598.433798,-575.081148
598.436691,-574.087431
598.438583,-573.093831
598.439494,-572.100342
598.439444,-571.106957
598.438453,-570.113667
598.436543,-569.120465
598.433738,-568.127330
598.430069,-567.134295
598.425536,-566.141038
598.420053,-565.147048
598.413619,-564.152232
598.406286,-563.156639
598.398101,-562.160281
598.389121,-561.163185
598.379409,-560.165373
598.369040,-559.166867
598.358091,-558.167687
598.346652,-557.167852
598.334817,-556.167374
598.322689,-555.166264
598.310375,-554.164523
598.297991,-553.162161
598.285651,-552.159120
598.273589,-551.156165
598.262197,-550.154209
598.251618,-549.153299
598.241968,-548.153412
598.233369,-547.154554
598.225938,-546.156734
598.219790,-545.159971
598.215034,-544.164285
598.211778,-543.169702
598.210124,-542.176248
598.210165,-541.183949
598.211995,-540.192830
598.215695,-539.202899
598.221349,-538.214217
598.229004,-537.226560
598.238605,-536.239226
598.250135,-535.251884
598.263675,-534.264591
598.279277,-533.277329
598.296992,-532.290102
598.316863,-531.302907
598.338925,-530.315744
598.363207,-529.328611
598.389731,-528.341507
598.418510,-527.354430
598.449549,-526.367377
598.482847,-525.380349
598.518394,-524.393329
598.556173,-523.406359
598.596145,-522.419138
598.638186,-521.431093
598.682216,-520.442069
598.728203,-519.452109
598.776092,-518.461215
598.825823,-517.469410
598.877324,-516.476712
598.930519,-515.483147
598.985318,-514.488741
599.041629,-513.493518
599.099349,-512.497507
599.158371,-511.500728
599.218579,-510.503215
599.279855,-509.504949
599.342082,-508.506162
599.405210,-507.507321
599.469155,-506.508569
599.533776,-505.509860
599.598946,-504.511190
599.664536,-503.512541
599.730418,-502.513902
599.796468,-501.515260
599.862563,-500.516604
599.928584,-499.517921
599.994417,-498.519201
600.059950,-497.520434
600.125077,-496.521610
600.189697,-495.522720
600.253712,-494.523755
600.317032,-493.524708
600.379568,-492.525570
600.441239,-491.526336
600.501967,-490.527000
600.561680,-489.527555
600.620311,-488.527996
600.677794,-487.528318
600.734071,-486.528518
600.789087,-485.528592
600.842789,-484.528535
600.895128,-483.528345
600.946060,-482.528018
600.995541,-481.527554
601.043532,-480.526946
601.089994,-479.526188
601.134891,-478.525281
601.178188,-477.524228
601.219856,-476.523034
601.259863,-475.521704
601.298181,-474.520241
601.334784,-473.518651
601.369645,-472.516938
601.402742,-471.515106
601.434050,-470.513161
601.463549,-469.511108
601.491219,-468.508952
601.517042,-467.506697
601.541001,-466.504350
601.563082,-465.501914
601.583271,-464.499396
601.601560,-463.496800
601.617941,-462.494133
601.632410,-461.491398
601.644966,-460.488602
601.655611,-459.485748
601.664353,-458.482844
601.671203,-457.479892
601.676177,-456.476897
601.679296,-455.473865
601.680588,-454.470799
601.680084,-453.467703
601.677822,-452.464579
601.673856,-451.461483
601.668252,-450.458470
601.661069,-449.455542
601.652370,-448.452697
601.642225,-447.449932
601.630708,-446.447247
601.617899,-445.444639
601.603880,-444.442106
601.588737,-443.439643
601.572559,-442.437249
601.555434,-441.434919
601.537448,-440.432649
601.518687,-439.430435
601.499230,-438.428273
601.479151,-437.426158
601.458514,-436.424086
601.437374,-435.422054
601.415772,-434.420057
601.393735,-433.418092
601.371271,-432.416157
601.348373,-431.414250
601.325010,-430.412371
601.301130,-429.410521
601.276661,-428.408703
601.251502,-427.406920
601.225534,-426.405178
601.198609,-425.403485
601.170560,-424.401851
601.141200,-423.400286
601.110322,-422.398804
601.077706,-421.397420
601.043120,-420.396151
601.006326,-419.395016
600.967085,-418.394032
600.925161,-417.393220
600.880328,-416.392600
600.832369,-415.392193
600.781089,-414.392018
600.726311,-413.392095
600.667885,-412.392442
600.605689,-411.393076
600.539634,-410.394012
600.469669,-409.395262
600.395785,-408.396837
600.318019,-407.398742
600.236470,-406.400981
600.151298,-405.403551
600.062746,-404.406444
599.971150,-403.409643
599.876955,-402.413126
599.780723,-401.416860
599.683144,-400.420801
599.585016,-399.424897
599.487219,-398.429087
599.390673,-397.433319
599.296269,-396.437482
599.204908,-395.441863
599.117530,-394.446952
599.034796,-393.452795
598.957182,-392.459319
598.885073,-391.466505
598.818763,-390.474341
598.758487,-389.482831
598.704441,-388.491989
598.656793,-387.501840
598.615687,-386.512411
598.581250,-385.523737
598.553597,-384.535855
598.532837,-383.548798
598.519069,-382.562601
598.512388,-381.577294
598.512876,-380.592901
598.520599,-379.609543
598.535616,-378.627387
598.557968,-377.646591
598.587684,-376.667300
598.624780,-375.689643
598.669269,-374.713732
598.721163,-373.739656
598.780476,-372.767487
598.847228,-371.797270
598.921444,-370.829023
599.003148,-369.862747
599.092349,-368.898366
599.189029,-367.935942
599.293176,-366.974713
599.404658,-366.012577
599.523348,-365.048518
599.649347,-364.082654
599.782704,-363.114956
599.923480,-362.145503
600.071724,-361.174404
600.227476,-360.201805
600.390761,-359.227882
600.561586,-358.252824
600.739932,-357.276835
600.925750,-356.300115
601.118957,-355.322849
601.319421,-354.345236
601.526975,-353.367333
601.741346,-352.389660
601.962266,-351.413571
602.189489,-350.439656
602.422625,-349.467713
602.661248,-348.497680
602.904877,-347.529444
603.153011,-346.562901
603.405156,-345.597943
603.660869,-344.634474
603.919780,-343.672412
604.181615,-342.711694
604.446193,-341.752278
604.713426,-340.794135
604.983299,-339.837272
605.255871,-338.881630
605.531250,-337.927015
605.809556,-336.973367
606.090915,-336.020755
606.375449,-335.069228
606.663265,-334.118837
606.954448,-333.169626
607.249054,-332.221633
607.547107,-331.274889
607.848602,-330.329412
608.153501,-329.385216
608.461740,-328.442303
608.773232,-327.500666
609.087871,-326.560294
609.405546,-325.621170
609.726144,-324.683274
610.049561,-323.746586
610.375709,-322.811091
610.704527,-321.876779
611.035979,-320.943644
611.370051,-320.011691
611.706736,-319.080921
612.046014,-318.151333
612.387843,-317.222915
612.732133,-316.295641
613.078663,-315.369426
613.426996,-314.444137
613.776491,-313.519436
614.126140,-312.595303
614.475412,-311.669173
614.823878,-310.736472
615.170263,-309.795604
615.513037,-308.846416
615.850731,-307.888493
616.181909,-306.921568
616.505166,-305.945395
616.818996,-304.959720
617.121707,-303.964236
617.411451,-302.958601
617.686262,-301.942453
617.944064,-300.915413
618.182637,-299.877127
618.399636,-298.827132
618.592464,-297.765735
618.758467,-296.694560
618.894983,-295.614918
618.999310,-294.527845
619.068791,-293.434605
619.100832,-292.336588
619.092936,-291.235344
619.042724,-290.132581
618.947967,-289.030157
618.806600,-287.930086
618.616737,-286.834464
618.376713,-285.745675
618.084052,-284.663363
617.735082,-283.589014
617.327791,-282.527442
616.860709,-281.483515
616.332212,-280.460819
615.742628,-279.465339
615.098474,-278.506402
614.405311,-277.588542
613.664328,-276.713011
612.877725,-275.881970
612.047314,-275.097202
611.179092,-274.362601
610.279473,-273.679261
609.350740,-273.045737
608.394991,-272.460981
607.414695,-271.924439
606.412614,-271.435865
605.391846,-270.995201
604.355804,-270.602438
603.308165,-270.257491
602.252870,-269.960078
601.193901,-269.709584
600.137262,-269.504958
599.087368,-269.343823
598.045783,-269.223156
597.013588,-269.139392
595.991531,-269.087930
594.980051,-269.061538
593.979238,-269.047840
592.987806,-269.032100
592.005187,-269.002958
591.032308,-268.952605
590.070187,-268.876169
589.120107,-268.770845
588.183488,-268.635286
587.261932,-268.469150
586.356581,-268.272744
585.465987,-268.046605
584.589760,-267.791336
583.729937,-267.507856
582.888109,-267.197182
582.065706,-266.860422
581.263856,-266.498733
580.483383,-266.113300
579.724677,-265.705236
578.988012,-265.275592
578.270639,-264.824096
577.569746,-264.349876
576.885895,-263.853596
576.220077,-263.336241
575.573102,-262.798793
574.945730,-262.242298
574.338594,-261.667806
573.752234,-261.076398
573.186898,-260.468987
572.640562,-259.844246
572.111087,-259.200637
571.598564,-258.538261
571.103123,-257.857249
570.625041,-257.157878
570.164669,-256.440533
569.722424,-255.705753
569.298675,-254.954055
568.893991,-254.186567
568.507963,-253.402176
568.137686,-252.596224
567.781583,-251.766891
567.440606,-250.915264
567.115265,-250.042479
566.806096,-249.150162
566.513425,-248.240210
566.237311,-247.314528
565.977654,-246.375583
565.735275,-245.428672
565.510904,-244.477129
565.303082,-243.521209
565.110523,-242.561394
564.931878,-241.598046
564.765830,-240.631496
564.611092,-239.662023
564.466438,-238.689866
564.330726,-237.715216
564.202922,-236.738225
564.082098,-235.759008
563.967425,-234.777644
563.858167,-233.794192
563.753669,-232.808650
563.653577,-231.821780
563.557726,-230.834489
563.465740,-229.846915
563.377286,-228.859146
563.292090,-227.871280
563.209925,-226.883404
563.130603,-225.895605
563.053973,-224.907965
562.979917,-223.920559
562.908341,-222.933461
562.839179,-221.946738
562.772382,-220.960456
562.707920,-219.974673
562.645778,-218.989444
562.585955,-218.004822
562.528460,-217.020850
562.473313,-216.037572
562.420539,-215.055022
562.370174,-214.073234
562.322257,-213.092233
562.276833,-212.112040
562.233951,-211.132671
562.193663,-210.154135
562.156025,-209.176436
562.121095,-208.199571
562.088933,-207.223531
562.059600,-206.248300
562.033157,-205.273854
562.009667,-204.300166
561.989168,-203.327020
561.971686,-202.354225
561.957285,-201.381794
561.946027,-200.409741
561.937977,-199.438076
561.933194,-198.466807
561.931743,-197.495938
561.933683,-196.525468
561.939075,-195.555396
561.947981,-194.585712
561.960459,-193.616408
561.976568,-192.647467
561.996367,-191.678875
562.019913,-190.710592
562.047263,-189.742651
562.078469,-188.774454
562.113472,-187.805127
562.152309,-186.834504
562.195049,-185.862597
562.241749,-184.889392
562.292458,-183.914900
562.347210,-182.939139
562.406024,-181.962142
562.468892,-180.983945
562.535783,-180.004594
562.606632,-179.024137
562.681343,-178.042627
562.759782,-177.060098
562.841769,-176.076663
562.927114,-175.092106
563.015511,-174.105422
563.106514,-173.116116
563.199812,-172.124424
563.295015,-171.130458
563.391698,-170.134349
563.489401,-169.136201
563.587628,-168.136103
563.685863,-167.134119
563.783571,-166.130287
563.880212,-165.124616
563.975249,-164.117086
564.068151,-163.107638
564.158406,-162.096197
564.245529,-161.082569
564.329106,-160.067615
564.409010,-159.052451
564.484915,-158.037061
564.556505,-157.021343
564.623502,-156.005244
564.685663,-154.988721
564.742776,-153.971751
564.794656,-152.954324
564.841144,-151.936441
564.882105,-150.918117
564.917423,-149.899371
564.947000,-148.880241
564.970748,-147.860747
564.988634,-146.841157
565.000666,-145.821758
565.006816,-144.802577
565.007053,-143.783628
565.001347,-142.764946
564.989670,-141.746576
564.971990,-140.728578
564.948275,-139.711023
564.918493,-138.693990
564.882604,-137.677574
564.840570,-136.661872
564.792348,-135.646996
564.737891,-134.633054
564.677161,-133.620203
564.610040,-132.608266
564.536364,-131.596880
564.456029,-130.586040
564.368952,-129.575838
564.275045,-128.566343
564.174225,-127.557633
564.066410,-126.549784
563.951524,-125.542877
563.829492,-124.536991
563.700245,-123.532207
563.563716,-122.528607
563.419847,-121.526274
563.268578,-120.525287
563.109863,-119.525745
562.943621,-118.527608
562.769735,-117.530730
562.588125,-116.535113
562.398738,-115.540821
562.201515,-114.547902
561.996404,-113.556410
561.783355,-112.566398
561.562318,-111.577922
561.333242,-110.591038
561.096077,-109.605802
560.850770,-108.622274
560.597270,-107.640522
560.335506,-106.660576
560.065455,-105.682634
559.786833,-104.706076
559.498868,-103.729523
559.201101,-102.752745
558.893431,-101.776178
558.575677,-100.800111
558.247681,-99.824861
557.909277,-98.850725
557.560297,-97.877985
557.200565,-96.906901
556.829899,-95.937714
556.448105,-94.970627
556.054993,-94.005852
555.650298,-93.043408
555.234068,-92.083990
554.807100,-91.129232
554.369834,-90.179825
553.922140,-89.235700
553.464004,-88.296952
552.995377,-87.363650
552.516217,-86.435883
552.026485,-85.513749
551.526143,-84.597355
551.015156,-83.686819
550.493492,-82.782265
549.961124,-81.883831
549.418023,-80.991645
548.864203,-80.105895
548.300185,-79.227359
547.726480,-78.356625
547.143121,-77.493729
546.550186,-76.638766
545.947762,-75.791845
545.335949,-74.953097
544.714866,-74.122664
544.084646,-73.300706
543.445437,-72.487390
542.797400,-71.682890
542.140710,-70.887386
541.475559,-70.101067
540.802121,-69.324097
540.119728,-68.555858
539.427589,-67.795817
538.725729,-67.044153
538.014149,-66.301023
537.292861,-65.566589
536.561881,-64.841008
535.821228,-64.124440
535.070926,-63.417044
534.311001,-62.718977
533.541481,-62.030396
532.762398,-61.351460
531.973785,-60.682326
531.175676,-60.023150
530.368119,-59.374101
529.550484,-58.734873
528.722164,-58.105483
527.883425,-57.486424
527.034564,-56.878172
526.175873,-56.281181
525.307646,-55.695880
524.430168,-55.122673
523.543716,-54.561937
522.648554,-54.014025
521.744918,-53.479258
520.833051,-52.957944
519.913053,-52.450298
518.985478,-51.956771
518.051969,-51.478016
517.113421,-51.014093
516.169696,-50.564872
515.220850,-50.130272
514.266902,-49.710224
513.307898,-49.304677
512.343895,-48.913595
511.374965,-48.536957
510.401192,-48.174751
509.422684,-47.826982
508.439532,-47.493654
507.451959,-47.174816
506.459693,-46.870394
505.461615,-46.580393
504.457501,-46.305190
503.447977,-46.045126
502.433471,-45.800515
501.414408,-45.571637
500.391148,-45.358746
499.363991,-45.162074
498.333165,-44.981830
497.298821,-44.818206
496.261014,-44.671372
495.219742,-44.541481
494.174741,-44.428668
493.127660,-44.332906
492.080535,-44.253656
491.033359,-44.190624
489.986005,-44.143594
488.938521,-44.112368
487.891040,-44.096758
486.843797,-44.096578
485.797111,-44.111632
484.751379,-44.141706
483.707061,-44.186562
482.664677,-44.245932
481.624788,-44.319513
480.588007,-44.406955
479.554781,-44.507915
478.525204,-44.622058
477.499423,-44.748993
476.477619,-44.888292
475.459960,-45.039499
474.446609,-45.202123
473.437711,-45.375640
472.433395,-45.559496
471.433768,-45.753102
470.438909,-45.955846
469.448881,-46.167090
468.463681,-46.386195
467.483431,-46.612466
466.507550,-46.845441
465.534241,-47.085155
464.562584,-47.331417
463.592599,-47.583639
462.624119,-47.841294
461.657021,-48.103830
460.691167,-48.370709
459.726430,-48.641423
458.762688,-48.915499
457.799829,-49.192504
456.837751,-49.472047
455.876360,-49.753783
454.915575,-50.037408
453.955324,-50.322658
452.995544,-50.609308
452.036182,-50.897161
451.077189,-51.186053
450.118526,-51.475843
449.160157,-51.766412
448.202054,-52.057662
447.244190,-52.349509
446.286546,-52.641885
445.329103,-52.934734
444.371847,-53.228010
443.414764,-53.521675
442.457844,-53.815699
441.501080,-54.110058
440.544463,-54.404731
439.587986,-54.699702
438.631645,-54.994958
437.675434,-55.290485
436.719350,-55.586274
435.763386,-55.882314
434.807540,-56.178594
433.851808,-56.475106
432.896184,-56.771839
431.940665,-57.068783
430.985247,-57.365925
430.029925,-57.663256
429.074695,-57.960763
428.119551,-58.258432
427.164490,-58.556252
426.209506,-58.854209
425.254594,-59.152289
424.299750,-59.450477
423.344969,-59.748761
422.390245,-60.047124
421.435573,-60.345554
420.480950,-60.644037
419.526369,-60.942557
418.571826,-61.241101
417.617317,-61.539656
416.662838,-61.838209
415.708382,-62.136746
414.753948,-62.435256
413.799529,-62.733726
412.845125,-63.032144
411.890708,-63.330510
410.936246,-63.628827
409.981732,-63.927090
409.027166,-64.225287
408.072544,-64.523410
407.117866,-64.821450
406.163130,-65.119400
405.208334,-65.417252
404.253478,-65.714999
403.298559,-66.012635
402.343576,-66.310155
401.388531,-66.607553
400.433420,-66.904825
399.478245,-67.201966
398.523004,-67.498972
397.567697,-67.795841
396.612325,-68.092570
395.656886,-68.389154
394.701382,-68.685593
393.745812,-68.981884
392.790177,-69.278025
391.834476,-69.574015
390.878710,-69.869851
389.922879,-70.165533
388.966984,-70.461058
388.011025,-70.756425
387.055002,-71.051634
386.098916,-71.346681
385.142766,-71.641565
384.186553,-71.936285
383.230277,-72.230837
382.273937,-72.525220
381.317535,-72.819430
380.361069,-73.113465
379.404540,-73.407321
378.447946,-73.700994
377.491289,-73.994481
376.534566,-74.287776
375.577778,-74.580876
374.620923,-74.873775
373.664001,-75.166469
372.707012,-75.458952
371.749954,-75.751220
370.792828,-76.043268
369.835631,-76.335091
368.878364,-76.626686
367.921028,-76.918050
366.963620,-77.209179
366.006144,-77.500073
365.048598,-77.790732
364.090984,-78.081157
363.133305,-78.371354
362.175563,-78.661326
361.217761,-78.951084
360.259904,-79.240638
359.301996,-79.530004
358.344046,-79.819199
357.386070,-80.108240
356.428080,-80.397152
355.470086,-80.685965
354.512098,-80.974716
353.554128,-81.263445
352.596191,-81.552198
351.638301,-81.841026
350.680475,-82.129985
349.722732,-82.419136
348.765092,-82.708548
347.807577,-82.998292
346.850210,-83.288445
345.893016,-83.579089
344.936019,-83.870310
343.979248,-84.162197
343.022729,-84.454843
342.066491,-84.748343
341.110562,-85.042792
340.154971,-85.338288
339.199747,-85.634927
338.244917,-85.932804
337.290508,-86.232009
336.336546,-86.532631
335.383054,-86.834751
334.430053,-87.138443
333.477562,-87.443772
332.525595,-87.750794
331.574167,-88.059549
330.623230,-88.370085
329.672722,-88.682453
328.722639,-88.996644
327.772977,-89.312624
326.823722,-89.630332
325.874854,-89.949683
324.926343,-90.270557
323.978150,-90.592805
323.030225,-90.916238
322.082506,-91.240634
321.134922,-91.565730
320.187387,-91.891224
319.239805,-92.216778
318.292068,-92.542016
317.344058,-92.866531
316.395644,-93.189885
315.446691,-93.511620
314.497053,-93.831255
313.546579,-94.148302
312.595116,-94.462263
311.642508,-94.772644
310.688596,-95.078957
309.733224,-95.380721
308.776233,-95.677463
307.817460,-95.968702
306.856722,-96.253950
305.893887,-96.532672
304.928564,-96.804413
303.961471,-97.068184
302.995323,-97.321875
302.031566,-97.564023
301.070215,-97.794014
300.111657,-98.011109
299.156235,-98.214643
298.204272,-98.404006
297.256163,-98.578598
296.310608,-98.738508
295.366139,-98.883862
294.423185,-99.014173
293.482372,-99.128943
292.544227,-99.227753
291.609264,-99.310236
290.677875,-99.376113
289.750626,-99.425113
288.826618,-99.457279
287.903576,-99.472828
286.980798,-99.471653
286.058477,-99.453502
285.136663,-99.418163
284.215509,-99.365429
283.295199,-99.295113
282.375962,-99.207053
281.458064,-99.101111
280.541803,-98.977178
279.627505,-98.835168
278.715522,-98.675018
277.806232,-98.496680
276.900032,-98.300119
275.997349,-98.085316
275.098590,-97.852253
274.204517,-97.600997
273.316056,-97.331647
272.433765,-97.044294
271.558105,-96.739044
270.689544,-96.416029
269.828525,-96.075397
268.975472,-95.717311
268.130786,-95.341955
267.294838,-94.949527
266.467976,-94.540232
265.650523,-94.114271
264.842775,-93.671841
264.045006,-93.213129
263.257463,-92.738314
262.480363,-92.247560
261.713901,-91.741021
260.958225,-91.218821
260.213360,-90.681014
259.479509,-90.127798
258.757052,-89.559472
258.046322,-88.976325
257.347606,-88.378640
256.661168,-87.766709
255.987145,-87.140736
255.325900,-86.501192
254.675653,-85.846446
254.033134,-85.174322
253.397926,-84.484647
252.770539,-83.777854
252.151356,-83.054440
251.540866,-82.315124
250.939440,-81.560627
250.347841,-80.792369
249.767467,-80.012306
249.198768,-79.221382
248.641301,-78.420027
248.094713,-77.608799
247.558549,-76.788253
247.032300,-75.958962
246.515400,-75.121512
246.007227,-74.276491
245.507112,-73.424491
245.014345,-72.566101
244.528180,-71.701905
244.047845,-70.832473
243.572556,-69.958376
243.101500,-69.080124
242.633982,-68.198376
242.169687,-67.314158
241.708200,-66.428157
241.248814,-65.540680
240.790953,-64.652041
240.334111,-63.762497
239.877874,-62.872257
239.421917,-61.981484
238.966003,-61.090296
238.509974,-60.198770
238.053740,-59.306946
237.597262,-58.414839
237.140533,-57.522453
236.683545,-56.629762
236.226367,-55.736856
235.769182,-54.843940
235.312062,-53.951080
234.854990,-53.058262
234.397966,-52.165489
233.940987,-51.272762
233.484049,-50.380081
233.027152,-49.487447
232.570293,-48.594860
232.113471,-47.702322
231.656686,-46.809833
231.199937,-45.917393
230.743224,-45.025004
230.286545,-44.132668
229.829900,-43.240385
229.373290,-42.348157
228.916712,-41.455986
228.460166,-40.563874
228.003652,-39.671823
227.547169,-38.779835
227.090716,-37.887913
226.634292,-36.996058
226.177896,-36.104274
225.721525,-35.212564
225.265179,-34.320931
224.808855,-33.429377
224.352549,-32.537907
223.896261,-31.646527
223.439980,-30.755231
222.983672,-29.863982
222.527309,-28.972757
222.070887,-28.081562
221.614400,-27.190399
221.157843,-26.299272
220.701208,-25.408184
220.244490,-24.517138
219.787680,-23.626138
219.330772,-22.735188
218.873757,-21.844292
218.416627,-20.953455
217.959373,-20.062680
217.501988,-19.171973
217.044460,-18.281338
216.586780,-17.390781
216.128938,-16.500307
215.670924,-15.609921
215.212726,-14.719629
214.754333,-13.829437
214.295735,-12.939351
213.836921,-12.049376
213.377878,-11.159518
212.918598,-10.269782
212.459069,-9.380175
211.999282,-8.490700
211.539229,-7.601362
211.078901,-6.712166
210.618291,-5.823115
210.157393,-4.934213
209.696201,-4.045461
209.234712,-3.156863
208.772923,-2.268420
208.310832,-1.380131
207.848438,-0.491999
207.385742,0.395978
206.922745,1.283800
206.459450,2.171470
205.995860,3.058988
205.531980,3.946357
205.067816,4.833580
204.603372,5.720660
204.138656,6.607601
203.673675,7.494407
203.208437,8.381082
202.742951,9.267630
202.277225,10.154056
201.811268,11.040365
201.345090,11.926562
200.878700,12.812651
200.412108,13.698639
199.945324,14.584529
199.478357,15.470329
199.011218,16.356041
198.543916,17.241673
198.076462,18.127228
197.608864,19.012712
197.141132,19.898130
196.673276,20.783487
196.205303,21.668787
195.737225,22.554035
195.269048,23.439236
194.800781,24.324394
194.332432,25.209514
193.864009,26.094598
193.395520,26.979652
192.926971,27.864678
192.458369,28.749682
191.989721,29.634664
191.521033,30.519630
191.052311,31.404583
190.583560,32.289524
190.114786,33.174456
189.645993,34.059383
189.177186,34.944307
188.708369,35.829230
188.239546,36.714153
187.770721,37.599079
187.301897,38.484010
186.833078,39.368947
186.364266,40.253892
185.895464,41.138845
185.426675,42.023810
184.957902,42.908786
184.489145,43.793775
184.020408,44.678778
183.551693,45.563797
183.083002,46.448831
182.614337,47.333883
182.145699,48.218953
181.677093,49.104043
181.208520,49.989154
180.739982,50.874288
180.271483,51.759445
179.803027,52.644629
179.334616,53.529840
178.866256,54.415081
178.397951,55.300354
177.929706,56.185663
177.461528,57.071011
176.993422,57.956400
176.525398,58.841835
176.057462,59.727321
175.589624,60.612862
175.121894,61.498463
174.654283,62.384130
174.186802,63.269870
173.719465,64.155689
173.252286,65.041595
172.785278,65.927595
172.318458,66.813697
171.851842,67.699911
171.385447,68.586245
170.919291,69.472710
170.453398,70.359308
169.987791,71.246042
169.522490,72.132925
169.057515,73.019966
168.592884,73.907177
168.128618,74.794568
167.664734,75.682150
167.201253,76.569933
166.738191,77.457927
166.275565,78.346142
165.813391,79.234587
165.351683,80.123268
164.890454,81.012194
164.429713,81.901370
163.969470,82.790802
163.509730,83.680492
163.050496,84.570443
162.591770,85.460655
162.133548,86.351129
161.675827,87.241861
161.218597,88.132847
160.761847,89.024082
160.305562,89.915558
159.849726,90.807267
159.394317,91.699197
158.939313,92.591337
158.484688,93.483672
158.030411,94.376193
157.576471,95.268858
157.122875,96.161595
156.669608,97.054366
156.216635,97.947153
155.763929,98.839934
155.311460,99.732688
154.859198,100.625395
154.407118,101.518035
153.955195,102.410590
153.503409,103.303045
153.051740,104.195385
152.600174,105.087597
152.148700,105.979671
151.697308,106.871599
151.245993,107.763373
150.794753,108.654989
150.343586,109.546443
149.892491,110.437730
149.441469,111.328850
148.990520,112.219799
148.539648,113.110576
148.088853,114.001183
147.638142,114.891618
147.187520,115.781886
146.736994,116.671988
146.286572,117.561928
145.836259,118.451708
145.386055,119.341338
144.935975,120.230788
144.485524,121.120837
144.034029,122.012317
143.581354,122.905245
143.127308,123.799546
142.671567,124.695092
142.213652,125.591671
141.752906,126.488983
141.288473,127.386617
140.819289,128.284051
140.344069,129.180629
139.861308,130.075568
139.369345,130.967913
138.866246,131.856733
138.350267,132.740321
137.816276,133.621741
137.256683,134.504232
136.668057,135.385098
136.047995,136.260313
135.393750,137.125850
134.702871,137.977123
133.972426,138.810186
133.197561,139.622198
132.375040,140.407166
131.504923,141.157673
130.586195,141.867891
129.621788,142.529738
128.623791,143.134670
127.599290,143.679996
126.547927,144.164403
125.471570,144.586260
124.372073,144.943974
123.251351,145.235614
122.112709,145.458433
120.960167,145.609945
119.797357,145.688096
118.627392,145.691146
117.461448,145.620227
116.308398,145.479492
115.169179,145.270440
114.045860,144.994441
112.941350,144.653075
111.859129,144.248429
110.802916,143.783286
109.776347,143.261206
108.782707,142.686537
107.824691,142.064310
106.903964,141.399903
106.019880,140.697938
105.171041,139.962925
104.355622,139.199179
103.571473,138.410796
102.816200,137.601625
102.087268,136.775259
101.382076,135.935044
100.698043,135.084097
100.032681,134.225332
99.383643,133.361475
98.748815,132.495155
98.126656,131.629682
97.515481,130.767549
96.913400,129.910193
96.318943,129.058998
95.731025,128.215190
95.149032,127.380042
94.572252,126.553436
93.999907,125.734702
93.432232,124.924395
92.869806,124.123324
92.313115,123.332108
91.762607,122.551317
91.218571,121.781257
90.681382,121.022512
90.147533,120.268412
89.611915,119.511053
89.073819,118.749388
88.532995,117.983060
87.989170,117.211666
87.442169,116.434939
86.891871,115.652694
86.338214,114.864824
85.781181,114.071290
85.220797,113.272112
84.657121,112.467359
84.090244,111.657142
83.520259,110.841585
82.947334,110.020906
82.371427,109.195045
81.793466,108.365286
81.215409,107.535055
80.637912,106.705877
80.060833,105.877430
79.484187,105.049765
78.907949,104.222837
78.332103,103.396627
77.756634,102.571111
77.181526,101.746268
76.606765,100.922078
76.032337,100.098520
75.458229,99.275577
74.884424,98.453224
74.310924,97.631464
73.737582,96.810073
73.164235,95.988733
72.590864,95.167402
72.017475,94.346089
71.444064,93.524793
70.870633,92.703514
70.297181,91.882253
69.723707,91.061010
69.150213,90.239784
68.576697,89.418577
68.003160,88.597389
67.429600,87.776219
66.856019,86.955068
66.282415,86.133937
65.708788,85.312825
65.135138,84.491733
64.561464,83.670662
63.987766,82.849613
63.414043,82.028585
62.840294,81.207580
62.266518,80.386598
61.692712,79.565641
61.118876,78.744711
60.545006,77.923810
59.971098,77.102941
59.397148,76.282106
58.823149,75.461312
58.249095,74.640563
57.674976,73.819866
57.100784,72.999227
56.526507,72.178656
55.952134,71.358160
55.377652,70.537749
54.803050,69.717432
54.228313,68.897219
53.653430,68.077119
53.078386,67.257143
52.503170,66.437299
51.927768,65.617598
51.352169,64.798048
50.776360,63.978658
50.200330,63.159437
49.624069,62.340394
49.047565,61.521535
48.470808,60.702869
47.893789,59.884404
47.316499,59.066145
46.738929,58.248100
46.161072,57.430274
45.582918,56.612674
45.004462,55.795304
44.425697,54.978171
43.846617,54.161278
43.267215,53.344630
42.687488,52.528232
42.107431,51.712086
41.527038,50.896196
40.946305,50.080560
40.365225,49.265174
39.783796,48.450041
39.202015,47.635162
38.619882,46.820539
38.037393,46.006172
37.454550,45.192063
36.871351,44.378211
36.287796,43.564617
35.703888,42.751279
35.119625,41.938198
34.535011,41.125372
33.950047,40.312800
33.364735,39.500480
32.779079,38.688410
32.193081,37.876587
31.606744,37.065010
31.020074,36.253676
30.433074,35.442580
29.845749,34.631721
29.258103,33.821093
28.670142,33.010694
28.081871,32.200520
27.493297,31.390565
26.904425,30.580826
26.315261,29.771299
25.725812,28.961977
25.136084,28.152857
24.546085,27.343933
23.955820,26.535201
23.365298,25.726654
22.774526,24.918288
22.183510,24.110097
21.592258,23.302075
21.000778,22.494218
20.409077,21.686519
19.817163,20.878973
19.225042,20.071574
18.632724,19.264316
18.040215,18.457195
17.447523,17.650203
16.854655,16.843337
16.261619,16.036589
15.668423,15.229954
15.075073,14.423428
14.481576,13.617004
13.887941,12.810678
13.294174,12.004443
12.700281,11.198295
12.106271,10.392228
11.512148,9.586238
10.917921,8.780319
10.323595,7.974467
9.729177,7.168677
9.134673,6.362944
8.540089,5.557264
7.945430,4.751632
7.350701,3.946042
6.755906,3.140486
6.161052,2.334962
5.566142,1.529466
4.971183,0.723994
4.376179,-0.081458
3.781135,-0.886893
3.186054,-1.692315
2.590943,-2.497726
1.995804,-3.303129
1.400641,-4.108528
0.805460,-4.913925
0.210262,-5.719322
-0.384949,-6.524723
-0.980169,-7.330129
-1.575395,-8.135543
-2.170625,-8.940967
-2.765856,-9.746402
-3.361085,-10.551851
-3.956310,-11.357315
-4.551530,-12.162795
-5.146742,-12.968293
-5.741944,-13.773810
-6.337135,-14.579347
-6.932315,-15.384905
-7.527480,-16.190486
-8.122632,-16.996088
-8.717768,-17.801714
-9.312888,-18.607363
-9.907993,-19.413035
-10.503081,-20.218732
-11.098152,-21.024452
-11.693207,-21.830196
-12.288247,-22.635963
-12.883270,-23.441753
-13.478279,-24.247565
-14.073274,-25.053400
-14.668256,-25.859255
-15.263226,-26.665130
-15.858186,-27.471024
-16.453137,-28.276937
-17.048080,-29.082866
-17.643018,-29.888810
-18.237953,-30.694768
-18.832886,-31.500738
-19.427820,-32.306719
-20.022757,-33.112708
-20.617700,-33.918705
-21.212652,-34.724706
-21.807616,-35.530710
-22.402593,-36.336714
-22.997589,-37.142717
-23.592605,-37.948716
-24.187645,-38.754709
-24.782713,-39.560692
-25.377811,-40.366664
