s_m,x_m,y_m,heading_rad
0.000000,-101.919263,-457.524908,1.793664370732
1.963619,-102.347907,-455.608644,1.788055597631
3.928633,-102.766076,-453.688641,1.782428805248
5.894970,-103.173691,-451.765017,1.776783246543
7.862560,-103.570675,-449.837890,1.771118176999
9.831336,-103.956948,-447.907380,1.765432854525
11.801227,-104.332431,-445.973605,1.759726539361
13.772167,-104.697047,-444.036685,1.753998494006
15.744089,-105.050717,-442.096738,1.748247983140
17.716927,-105.393362,-440.153884,1.742474273571
19.690616,-105.724904,-438.208240,1.736676634187
21.665092,-106.045264,-436.259927,1.730854335915
23.640292,-106.354363,-434.309062,1.725006651701
25.616154,-106.652124,-432.355765,1.719132856493
27.592617,-106.938468,-430.400155,1.713232227239
29.569620,-107.213315,-428.442350,1.707304042900
31.547104,-107.476588,-426.482469,1.701347584465
33.525012,-107.728208,-424.520632,1.695362134995
35.503285,-107.968096,-422.556957,1.689346979664
37.481868,-108.196175,-420.591563,1.683301405819
39.460707,-108.412364,-418.624569,1.677224703061
41.439748,-108.616587,-416.656094,1.671116163325
43.418937,-108.808764,-414.686257,1.664975080987
45.398224,-108.988816,-412.715176,1.658800752977
47.377559,-109.156666,-410.742971,1.652592478913
49.356893,-109.312235,-408.769761,1.646349561246
51.336178,-109.455444,-406.795663,1.640071305420
53.315368,-109.586214,-404.820798,1.633757020053
55.294419,-109.704468,-402.845284,1.627406017127
57.273286,-109.810126,-400.869239,1.621017612201
59.251927,-109.903110,-398.892784,1.614591124639
61.230302,-109.983342,-396.916036,1.608125877852
63.208372,-110.050743,-394.939115,1.601621199562
65.186098,-110.105234,-392.962140,1.595076422082
67.163445,-110.146737,-390.985229,1.588490882616
69.140377,-110.175174,-389.008501,1.581863923579
71.116862,-110.190465,-387.032075,1.575194892926
73.092868,-110.192533,-385.056071,1.568483144522
75.068364,-110.181298,-383.080606,1.561728038505
77.043323,-110.156683,-381.105801,1.554928941694
79.017718,-110.118609,-379.131773,1.548085228000
80.991525,-110.066996,-377.158641,1.541196278869
82.964719,-110.001768,-375.186526,1.534261483739
84.937280,-109.922844,-373.215544,1.527280240521
86.909188,-109.830147,-371.245816,1.520251956106
88.880426,-109.723598,-369.277460,1.513176046886
90.850977,-109.603119,-367.310595,1.506051939301
92.820828,-109.468631,-365.345340,1.498879070412
94.789967,-109.320055,-363.381814,1.491656888489
96.758385,-109.157313,-361.420136,1.484384853625
98.726072,-108.980326,-359.460424,1.477062438375
100.693024,-108.789016,-357.502798,1.469689128411
102.659237,-108.583305,-355.547376,1.462264423205
104.624708,-108.363113,-353.594278,1.454787836731
106.589439,-108.128363,-351.643621,1.447258898191
108.553432,-107.878975,-349.695526,1.439677152757
110.516693,-107.614872,-347.750111,1.432042162342
112.443602,-107.351023,-345.841351,1.434728833608
114.371423,-107.091598,-343.931065,1.436804221636
116.300034,-106.835449,-342.019540,1.438269536620
118.229307,-106.581433,-340.107062,1.439125761320
120.159109,-106.328402,-338.193920,1.439373635817
122.089307,-106.075212,-336.280401,1.439013648883
124.019766,-105.820718,-334.366790,1.438046035862
125.950355,-105.563774,-332.453377,1.436470783040
127.880946,-105.303234,-330.540446,1.434287638480
129.811419,-105.037953,-328.628287,1.431496129369
131.741663,-104.766786,-326.717185,1.428095585924
133.671576,-104.488587,-324.807429,1.424085171975
135.601071,-104.202210,-322.899305,1.419463922316
137.530075,-103.906511,-320.993099,1.414230786987
139.458533,-103.600344,-319.089101,1.408384682598
141.386409,-103.282563,-317.187595,1.401924550844
143.313690,-102.952024,-315.288870,1.394849424308
145.240386,-102.607579,-313.393213,1.387158499631
147.166534,-102.248085,-311.500911,1.378851218045
149.092197,-101.872396,-309.612251,1.369927353214
151.017473,-101.479365,-307.727520,1.360387106197
152.942488,-101.067849,-305.847005,1.350231207238
154.867405,-100.636700,-303.970993,1.339461023913
156.792426,-100.184775,-302.099772,1.328078674999
158.717790,-99.710927,-300.233628,1.316087149212
160.643776,-99.214011,-298.372849,1.303490427708
162.501666,-98.669993,-296.596392,1.244400029585
164.381842,-98.016951,-294.833270,1.188351613048
166.285081,-97.259464,-293.087265,1.135132826889
168.211487,-96.402111,-291.362161,1.084503356382
170.160579,-95.449469,-289.661741,1.036207802025
172.131369,-94.406116,-287.989787,0.989984995959
174.122440,-93.276631,-286.350083,0.945574324434
176.132012,-92.065592,-284.746411,0.902719669315
178.157999,-90.777577,-283.182556,0.861171534752
180.198073,-89.417165,-281.662301,0.820687838100
182.249707,-87.988933,-280.189427,0.781033748457
184.310228,-86.497460,-278.767719,0.741980868179
186.376856,-84.947324,-277.400959,0.703305979867
188.446750,-83.343103,-276.092931,0.664789525469
190.517045,-81.689375,-274.847418,0.626213944946
192.584889,-79.990719,-273.668202,0.587361978007
194.647490,-78.251713,-272.559068,0.548015022491
196.702148,-76.476935,-271.523798,0.507951646216
198.746305,-74.670963,-270.566174,0.466946365395
200.777583,-72.838376,-269.689981,0.424768832153
202.793837,-70.983751,-268.899002,0.381183616812
204.793207,-69.111667,-268.197019,0.335950826986
206.774172,-67.226702,-267.587815,0.288827873107
208.735616,-65.333435,-267.075175,0.239572762721
210.676895,-63.436443,-266.662880,0.187949370955
212.597912,-61.540304,-266.354714,0.133735168831
214.499194,-59.649598,-266.154460,0.076731857247
216.381974,-57.768901,-266.065902,0.016779199663
218.248277,-55.902793,-266.092822,-0.046227993088
220.100994,-54.055852,-266.239003,-0.112320354473
222.051849,-52.118378,-266.467102,-0.122004884517
224.001945,-50.183914,-266.713527,-0.131347277491
225.951475,-48.252352,-266.977605,-0.140345215513
227.900615,-46.323583,-267.258662,-0.148996749067
229.849522,-44.397495,-267.556024,-0.157300267097
231.798334,-42.473982,-267.869019,-0.165254467409
233.747176,-40.552932,-268.196972,-0.172858327579
235.696155,-38.634237,-268.539211,-0.180111076551
237.645362,-36.717788,-268.895061,-0.187012167084
239.594874,-34.803474,-269.263849,-0.193561249167
241.544757,-32.891188,-269.644901,-0.199758144524
243.495059,-30.980819,-270.037545,-0.205602822279
245.445819,-29.072258,-270.441106,-0.211095375864
247.397064,-27.165396,-270.854911,-0.216236001205
249.348809,-25.260124,-271.278287,-0.221024976245
251.301061,-23.356332,-271.710560,-0.225462641796
253.253813,-21.453910,-272.151056,-0.229549383769
255.207055,-19.552751,-272.599102,-0.233285616762
257.160765,-17.652743,-273.054025,-0.236671769008
259.114915,-15.753779,-273.515151,-0.239708268686
261.069471,-13.855748,-273.981806,-0.242395531574
263.024392,-11.958541,-274.453317,-0.244733950028
264.979632,-10.062050,-274.929011,-0.246723883276
266.935142,-8.166164,-275.408213,-0.248365649015
268.890868,-6.270774,-275.890251,-0.249659516283
270.846752,-4.375771,-276.374451,-0.250605699599
272.802737,-2.481047,-276.860139,-0.251204354356
274.758761,-0.586490,-277.346642,-0.251455573460
276.714763,1.308008,-277.833286,-0.251359385201
278.670681,3.202555,-278.319399,-0.250915752350
280.626455,5.097263,-278.804305,-0.250124572491
282.582024,6.992239,-279.287333,-0.248985679574
284.537331,8.887593,-279.767808,-0.247498846709
286.492320,10.783436,-280.245056,-0.245663790195
288.446940,12.679874,-280.718405,-0.243480174805
290.401143,14.577020,-281.187181,-0.240947620335
292.354887,16.474980,-281.650710,-0.238065709428
294.308133,18.373866,-282.108319,-0.234833996706
296.260852,20.273785,-282.559334,-0.231252019205
298.213018,22.174848,-283.003082,-0.227319308146
300.164616,24.077164,-283.438889,-0.223035402053
302.133217,25.997418,-283.872496,-0.221144401328
304.101918,27.918566,-284.302581,-0.219346702266
306.070720,29.840563,-284.729324,-0.217642287687
308.039622,31.763363,-285.152902,-0.216031138536
310.008625,33.686921,-285.573492,-0.214513234333
311.977726,35.611192,-285.991273,-0.213088553594
313.946923,37.536130,-286.406421,-0.211757074222
315.916212,39.461691,-286.819116,-0.210518773883
317.885590,41.387828,-287.229533,-0.209373630350
319.855052,43.314498,-287.637852,-0.208321621825
321.824593,45.241654,-288.044250,-0.207362727235
323.794206,47.169252,-288.448904,-0.206496926508
325.763887,49.097246,-288.851993,-0.205724200819
327.733627,51.025591,-289.253694,-0.205044532816
329.703420,52.954241,-289.654184,-0.204457906816
331.673259,54.883152,-290.053642,-0.203964308987
333.643135,56.812278,-290.452245,-0.203563727494
335.613040,58.741574,-290.850171,-0.203256152629
337.582967,60.670995,-291.247598,-0.203041576915
339.552907,62.600495,-291.644702,-0.202919995182
341.522851,64.530029,-292.041663,-0.202891404627
343.492792,66.459553,-292.438658,-0.202955804842
345.462720,68.389020,-292.835864,-0.203113197822
347.432627,70.318386,-293.233459,-0.203363587949
349.402505,72.247605,-293.631622,-0.203706981952
351.372346,74.176632,-294.030528,-0.204143388841
353.342141,76.105421,-294.430357,-0.204672819820
355.311883,78.033929,-294.831287,-0.205295288172
357.281565,79.962108,-295.233494,-0.206010809127
359.251180,81.889915,-295.637156,-0.206819399694
361.220721,83.817304,-296.042451,-0.207721078483
363.190182,85.744229,-296.449558,-0.208715865492
365.159557,87.670646,-296.858653,-0.209803781874
367.128842,89.596509,-297.269914,-0.210984849680
369.098033,91.521772,-297.683520,-0.212259091576
371.067124,93.446392,-298.099647,-0.213626530537
373.036114,95.370321,-298.518474,-0.215087189512
375.005000,97.293516,-298.940178,-0.216641091076
376.973781,99.215931,-299.364937,-0.218288257040
378.942457,101.137520,-299.792928,-0.220028708054
380.911027,103.058239,-300.224330,-0.221862463169
382.879493,104.978043,-300.659320,-0.223789539392
384.847858,106.896885,-301.098075,-0.225809951198
386.816126,108.814721,-301.540774,-0.227923710029
388.784300,110.731505,-301.987595,-0.230130823770
390.752388,112.647193,-302.438714,-0.232431296187
392.720395,114.561738,-302.894310,-0.234825126356
394.688331,116.475097,-303.354560,-0.237312308062
396.656205,118.387223,-303.819642,-0.239892829165
398.624028,120.298071,-304.289734,-0.242566670961
400.591813,122.207596,-304.765014,-0.245333807501
402.559574,124.115753,-305.245659,-0.248194204895
404.527326,126.022497,-305.731846,-0.251147820596
406.495088,127.927782,-306.223755,-0.254194602657
408.462877,129.831564,-306.721561,-0.257334488963
410.430714,131.733796,-307.225444,-0.260567406450
412.398623,133.634433,-307.735581,-0.263893270298
414.366626,135.533431,-308.252149,-0.267311983103
416.334750,137.430745,-308.775326,-0.270823434034
418.303023,139.326328,-309.305290,-0.274427497965
420.271474,141.220136,-309.842219,-0.278124034600
422.204501,143.069525,-310.404672,-0.312159697174
424.150772,144.911524,-311.033169,-0.345294862949
426.109674,146.743792,-311.726055,-0.377614378425
428.080476,148.563986,-312.481672,-0.409202661908
430.062349,150.369763,-313.298365,-0.440143267966
432.054373,152.158782,-314.174477,-0.470518612885
434.055555,153.928700,-315.108351,-0.500409829712
436.064839,155.677174,-316.098331,-0.529896725687
438.081118,157.401862,-317.142759,-0.559057818818
440.103246,159.100423,-318.239981,-0.587970433933
442.130049,160.770513,-319.388338,-0.616710841514
444.160331,162.409791,-320.586176,-0.645354425111
446.192890,164.015914,-321.831836,-0.673975864956
448.226527,165.586539,-323.123662,-0.702649326735
450.260053,167.119325,-324.459998,-0.731448645240
452.292301,168.611929,-325.839188,-0.760447492884
454.322136,170.062009,-327.259575,-0.789719522860
456.348465,171.467222,-328.719501,-0.819338476043
458.370249,172.825226,-330.217312,-0.849378239663
460.386513,174.133680,-331.751349,-0.879912844291
462.396358,175.390239,-333.319957,-0.911016383893
464.398970,176.592563,-334.921479,-0.942762841677
466.393638,177.738309,-336.554259,-0.975225802340
468.379765,178.825134,-338.216639,-1.008478029306
470.356878,179.850697,-339.906964,-1.042590883954
472.324649,180.812654,-341.623577,-1.077633563031
474.282904,181.708664,-343.364821,-1.113672131061
476.231645,182.536385,-345.129040,-1.150768327144
478.171059,183.293473,-346.914577,-1.188978131102
480.101539,183.977587,-348.719776,-1.228350083179
482.057393,184.610312,-350.570458,-1.254217903406
484.009498,185.194829,-352.432998,-1.279009589595
485.959168,185.733362,-354.306816,-1.302685145171
487.907553,186.228135,-356.191333,-1.325212679820
489.855646,186.681370,-358.085969,-1.346567744950
491.804289,187.095291,-359.990143,-1.366732583627
493.754182,187.472121,-361.903277,-1.385695331566
495.705886,187.814084,-363.824789,-1.403449200708
497.659835,188.123403,-365.754100,-1.419991671373
499.616346,188.402301,-367.690631,-1.435323713266
501.575622,188.653003,-369.633800,-1.449449050298
503.537763,188.877730,-371.583029,-1.462373479422
505.502776,189.078707,-373.537738,-1.474104249621
507.470584,189.258157,-375.497346,-1.484649503944
509.441030,189.418304,-377.461275,-1.494017784957
511.413893,189.561370,-379.428942,-1.502217602149
513.388886,189.689580,-381.399770,-1.509257058618
515.365676,189.805155,-383.373178,-1.515143533648
517.343881,189.910321,-385.348586,-1.519883417501
519.323087,190.007300,-387.325415,-1.523481894785
521.302849,190.098316,-389.303083,-1.525942773051
523.282703,190.185592,-391.281013,-1.527268353759
525.262171,190.271351,-393.258623,-1.527459343401
527.240772,190.357817,-395.235333,-1.526514803272
529.218026,190.447213,-397.210565,-1.524432137205
531.193462,190.541763,-399.183737,-1.521207117406
533.166630,190.643690,-401.154271,-1.516833949390
535.137103,190.755217,-403.121585,-1.511305377859
537.104490,190.878567,-405.085101,-1.504612836163
539.068439,191.015965,-407.044238,-1.496746642733
541.028650,191.169633,-408.998417,-1.487696248484
542.996019,191.334959,-410.958827,-1.485657881716
544.965276,191.504283,-412.920791,-1.483782586889
546.936345,191.677285,-414.884253,-1.482069678979
548.909146,191.853646,-416.849156,-1.480518510799
550.883600,192.033046,-418.815442,-1.479128473904
552.859625,192.215167,-420.783057,-1.477898999386
554.837138,192.399688,-422.751942,-1.476829558546
556.816055,192.586289,-424.722041,-1.475919663458
558.796291,192.774652,-426.693298,-1.475168867432
560.777761,192.964456,-428.665657,-1.474576765367
562.760378,193.155382,-430.639059,-1.474142994012
564.744055,193.347111,-432.613449,-1.473867232126
566.728706,193.539323,-434.588771,-1.473749200545
568.714244,193.731698,-436.564967,-1.473788662158
570.700580,193.923918,-438.541980,-1.473985421794
572.687628,194.115661,-440.519755,-1.474339326018
574.675300,194.306609,-442.498235,-1.474850262837
576.663511,194.496443,-444.477362,-1.475518161321
578.652174,194.684842,-446.457081,-1.476342991130
580.641204,194.871487,-448.437334,-1.477324761966
582.630516,195.056058,-450.418066,-1.478463522913
584.620028,195.238237,-452.399219,-1.479759361709
586.609656,195.417703,-454.380736,-1.481212403913
588.599320,195.594137,-456.362562,-1.482822811975
590.588940,195.767219,-458.344639,-1.484590784225
592.578438,195.936630,-460.326911,-1.486516553740
594.567738,196.102050,-462.309322,-1.488600387135
596.556765,196.263160,-464.291814,-1.490842583226
598.545448,196.419640,-466.274330,-1.493243471594
600.533716,196.571170,-468.256816,-1.495803411045
602.521501,196.717431,-470.239212,-1.498522787934
604.508738,196.858104,-472.221464,-1.501402014387
606.495365,196.992868,-474.203515,-1.504441526387
608.481321,197.121405,-476.185307,-1.507641781736
610.466550,197.243395,-478.166784,-1.511003257878
612.450998,197.358518,-480.147890,-1.514526449586
614.434614,197.466454,-482.128568,-1.518211866509
616.417352,197.566885,-484.108761,-1.522060030557
618.399169,197.659490,-486.088412,-1.526071473150
620.380024,197.743950,-488.067466,-1.530246732293
622.359881,197.819945,-490.045865,-1.534586349499
624.338711,197.887156,-492.023552,-1.539090866536
626.316484,197.945264,-494.000472,-1.543760822007
628.293179,197.993948,-495.976567,-1.548596747756
630.268777,198.032889,-497.951781,-1.553599165089
632.243264,198.061769,-499.926057,-1.558768580818
634.216632,198.080266,-501.899338,-1.564105483117
636.188878,198.088061,-503.871569,-1.569610337198
638.160003,198.084836,-505.842692,-1.575283580792
640.130016,198.070270,-507.812650,-1.581125619451
642.098928,198.044044,-509.781387,-1.587136821660
644.066758,198.005838,-511.748847,-1.593317513767
646.033532,197.955333,-513.714973,-1.599667974732
647.999281,197.892209,-515.679707,-1.606188430704
649.964041,197.816147,-517.642994,-1.612879049430
651.927856,197.726826,-519.604777,-1.619739934495
653.890777,197.623929,-521.564999,-1.626771119428
655.852860,197.507134,-523.523604,-1.633972561650
657.814171,197.376123,-525.480534,-1.641344136318
659.774781,197.230575,-527.435734,-1.648885630038
661.734768,197.070172,-529.389146,-1.656596734509
663.694219,196.894593,-531.340715,-1.664477040083
665.653227,196.703520,-533.290382,-1.672526029281
667.611895,196.496632,-535.238093,-1.680743070292
669.570332,196.273611,-537.183790,-1.689127410474
671.528655,196.034136,-539.127416,-1.697678169895
673.486991,195.777888,-541.068915,-1.706394334940
675.445475,195.504547,-543.008230,-1.715274752033
677.404249,195.213794,-544.945305,-1.724318121488
679.363465,194.905309,-546.880083,-1.733522991561
681.323284,194.578773,-548.812507,-1.742887752711
683.283874,194.233867,-550.742520,-1.752410632145
685.245414,193.870270,-552.670067,-1.762089688674
687.208091,193.487663,-554.595090,-1.771922807925
689.172102,193.085726,-556.517533,-1.781907697978
691.137653,192.664140,-558.437339,-1.792041885451
693.121343,192.227402,-560.372354,-1.793513348421
695.104982,191.787849,-562.306681,-1.794963288204
697.088577,191.345523,-564.240329,-1.796391695640
699.072132,190.900465,-566.173309,-1.797798562150
701.055650,190.452717,-568.105631,-1.799183879712
703.039137,190.002321,-570.037305,-1.800547640842
705.022596,189.549317,-571.968340,-1.801889838577
707.006032,189.093749,-573.898748,-1.803210466454
708.989448,188.635657,-575.828539,-1.804509518495
710.972848,188.175082,-577.757722,-1.805786989183
712.956236,187.712068,-579.686308,-1.807042873449
714.939614,187.246655,-581.614307,-1.808277166652
716.922986,186.778885,-583.541729,-1.809489864561
718.906355,186.308799,-585.468584,-1.810680963341
720.889723,185.836439,-587.394883,-1.811850459531
722.873094,185.361847,-589.320635,-1.812998350033
724.856469,184.885065,-591.245851,-1.814124632091
726.839852,184.406134,-593.170541,-1.815229303277
728.823244,183.925095,-595.094715,-1.816312361478
730.806648,183.441991,-597.018384,-1.817373804873
732.790065,182.956862,-598.941556,-1.818413631926
734.773498,182.469751,-600.864244,-1.819431841366
736.756947,181.980699,-602.786456,-1.820428432176
738.740415,181.489748,-604.708203,-1.821403403574
740.723903,180.996939,-606.629496,-1.822356755005
742.707412,180.502314,-608.550343,-1.823288486122
744.690944,180.005915,-610.470756,-1.824198596774
746.674499,179.507783,-612.390745,-1.825087086998
748.658079,179.007961,-614.310319,-1.825953956997
750.641684,178.506488,-616.229490,-1.826799207136
752.625316,178.003408,-618.148266,-1.827622837924
754.608974,177.498761,-620.066659,-1.828424850007
756.592659,176.992590,-621.984678,-1.829205244152
758.576372,176.484936,-623.902334,-1.829964021237
760.560112,175.975840,-625.819637,-1.830701182244
762.543881,175.465345,-627.736596,-1.831416728242
764.527679,174.953491,-629.653223,-1.832110660382
766.511504,174.440321,-631.569527,-1.832782979882
768.495358,173.925877,-633.485518,-1.833433688024
770.479240,173.410198,-635.401207,-1.834062786136
772.463150,172.893329,-637.316604,-1.834670275591
774.447088,172.375309,-639.231718,-1.835256157794
776.431053,171.856181,-641.146561,-1.835820434172
778.415044,171.335986,-643.061142,-1.836363106172
780.399063,170.814766,-644.975471,-1.836884175245
782.383106,170.292562,-646.889559,-1.837383642844
784.367175,169.769417,-648.803416,-1.837861510417
786.351268,169.245371,-650.717052,-1.838317779395
788.335385,168.720466,-652.630477,-1.838752451191
790.319525,168.194745,-654.543701,-1.839165527191
792.303686,167.668248,-656.456735,-1.839557008745
794.287868,167.141017,-658.369588,-1.839926897169
796.272070,166.613094,-660.282271,-1.840275193731
798.256292,166.084521,-662.194793,-1.840601899653
800.240530,165.555339,-664.107166,-1.840907016099
802.224786,165.025589,-666.019400,-1.841190544177
804.209057,164.495314,-667.931503,-1.841452484931
806.193343,163.964555,-669.843487,-1.841692839339
808.177641,163.433353,-671.755362,-1.841911608307
810.161952,162.901751,-673.667138,-1.842108792668
812.146273,162.369789,-675.578825,-1.842284393177
814.130604,161.837510,-677.490434,-1.842438410511
816.114942,161.304955,-679.401973,-1.842570845263
818.099287,160.772165,-681.313455,-1.842681697943
820.083637,160.239183,-683.224888,-1.842770968974
822.067992,159.706050,-685.136283,-1.842838658691
824.052348,159.172807,-687.047650,-1.842884767340
826.036706,158.639497,-688.958999,-1.842909295078
828.021064,158.106160,-690.870341,-1.842912241972
830.005420,157.572839,-692.781685,-1.842893607995
831.989773,157.039575,-694.693042,-1.842853393033
833.974121,156.506409,-696.604422,-1.842791596877
835.958464,155.973384,-698.515835,-1.842708219233
837.942799,155.440541,-700.427292,-1.842603259712
839.927126,154.907921,-702.338801,-1.842476717842
841.911443,154.375567,-704.250375,-1.842328593061
843.895749,153.843519,-706.162022,-1.842158884724
845.880042,153.311820,-708.073753,-1.841967592102
847.864322,152.780511,-709.985578,-1.841754714385
849.848586,152.249633,-711.897507,-1.841520250688
851.832834,151.719229,-713.809551,-1.841264200047
853.817064,151.189340,-715.721719,-1.840986561431
855.801276,150.660007,-717.634023,-1.840687333738
857.785468,150.131272,-719.546471,-1.840366515801
859.769639,149.603178,-721.459074,-1.840024106397
861.753788,149.075764,-723.371842,-1.839660104244
863.737915,148.549074,-725.284786,-1.839274508010
865.722017,148.023148,-727.197915,-1.838867316319
867.706094,147.498029,-729.111240,-1.838438527753
869.690146,146.973757,-731.024771,-1.837988140860
871.674172,146.450375,-732.938519,-1.837516154160
873.658170,145.927924,-734.852492,-1.837022566149
875.642140,145.406446,-736.766702,-1.836507375310
877.626082,144.885982,-738.681158,-1.835970580116
879.609995,144.366575,-740.595871,-1.835412179038
881.593879,143.848265,-742.510851,-1.834832170552
883.577732,143.331094,-744.426108,-1.834230553151
885.561556,142.815104,-746.341652,-1.833607325347
887.545349,142.300336,-748.257494,-1.832962485683
889.529111,141.786833,-750.173643,-1.832296032742
891.512843,141.274636,-752.090110,-1.831607965155
893.461348,140.796626,-753.979072,-1.805761208483
895.426599,140.363736,-755.896054,-1.780069192425
897.406473,139.977310,-757.837851,-1.754429094229
899.398868,139.638691,-759.801260,-1.728742220218
901.401714,139.349221,-761.783077,-1.702913077497
903.412983,139.110245,-763.780099,-1.676848562449
905.430701,138.923106,-765.789120,-1.650457259874
907.452961,138.789146,-767.806937,-1.623648850381
909.477929,138.709709,-769.830347,-1.596333627661
911.503864,138.686138,-771.856145,-1.568422131647
913.529126,138.719776,-773.881127,-1.539824908382
915.552191,138.811968,-775.902090,-1.510452412475
917.571665,138.964054,-777.915830,-1.480215073470
919.586304,139.177380,-779.919143,-1.449023552957
921.595024,139.453289,-781.908824,-1.416789224599
923.596926,139.793122,-783.881670,-1.383424913926
925.591309,140.198225,-785.834477,-1.348845937952
927.577696,140.669939,-787.764041,-1.312971485325
929.555851,141.209608,-789.667159,-1.275726374403
931.525805,141.818576,-791.540626,-1.237043217447
933.487876,142.498186,-793.381238,-1.196865002018
935.442693,143.249780,-795.185791,-1.155148073560
937.391218,144.074702,-796.951083,-1.111865464339
939.334769,144.974296,-798.673907,-1.067010462977
941.275042,145.949904,-800.351062,-1.020600257325
943.132484,146.957805,-801.911262,-0.973915050136
944.979950,148.031146,-803.414947,-0.927903905199
946.820746,149.167818,-804.862880,-0.882726316590
948.657927,150.365708,-806.255823,-0.838522300096
950.494284,151.622706,-807.594541,-0.795410645854
952.332344,152.936702,-808.879796,-0.753488160865
954.174361,154.305583,-810.112351,-0.712829808341
956.022324,155.727239,-811.292969,-0.673489599369
957.877956,157.199559,-812.422414,-0.635502064885
959.742727,158.720431,-813.501449,-0.598884130063
961.617857,160.287746,-814.530836,-0.563637224507
963.504332,161.899391,-815.511340,-0.529749484191
965.402912,163.553256,-816.443722,-0.497197929502
967.314146,165.247230,-817.328746,-0.465950533491
969.238384,166.979201,-818.167176,-0.435968122197
971.175788,168.747060,-818.959775,-0.407206072894
973.126348,170.548694,-819.707305,-0.379615795293
975.089893,172.381992,-820.410529,-0.353145995217
977.066102,174.244845,-821.070211,-0.327743730318
979.054515,176.135140,-821.687115,-0.303355273887
981.054545,178.050767,-822.262002,-0.279926806293
983.065489,179.989614,-822.795637,-0.257404955001
985.086534,181.949571,-823.288782,-0.235737203942
987.116769,183.928527,-823.742200,-0.214872191885
989.155191,185.924370,-824.156655,-0.194759917711
991.200712,187.934990,-824.532909,-0.175351868452
993.252171,189.958275,-824.871727,-0.156601083841
995.308331,191.992115,-825.173870,-0.138462169029
997.367895,194.034399,-825.440103,-0.120891265161
999.429503,196.083015,-825.671188,-0.103845985742
1001.491742,198.135852,-825.867888,-0.087285325081
1003.553151,200.190800,-826.030966,-0.071169543704
1005.612220,202.245748,-826.161187,-0.055460034355
1007.667400,204.298584,-826.259312,-0.040119171093
1009.717102,206.347197,-826.326104,-0.025110142998
1011.759703,208.389477,-826.362328,-0.010396773071
1013.793548,210.423312,-826.368746,0.004056677903
1015.816955,212.446592,-826.346121,0.018285723603
1017.828212,214.457205,-826.295217,0.032325882427
1019.825587,216.453040,-826.216796,0.046212928500
1021.807327,218.431987,-826.111621,0.059983167138
1023.771658,220.391934,-825.980457,0.073673739508
1025.716791,222.330770,-825.824065,0.087322962507
1027.640925,224.246385,-825.643209,0.100970711314
1029.542242,226.136667,-825.438653,0.114658853910
1031.418920,227.999505,-825.211158,0.128431749076
1033.400677,229.964682,-824.955353,0.130445406047
1035.382340,231.929253,-824.695635,0.132426672002
1037.363921,233.893227,-824.432068,0.134375522399
1039.345427,235.856614,-824.164716,0.136291934338
1041.326867,237.819424,-823.893643,0.138175886509
1043.308249,239.781668,-823.618912,0.140027359129
1045.289582,241.743354,-823.340587,0.141846333885
1047.270872,243.704494,-823.058733,0.143632793876
1049.252128,245.665097,-822.773412,0.145386723553
1051.233355,247.625174,-822.484689,0.147108108668
1053.214560,249.584733,-822.192628,0.148796936218
1055.195749,251.543786,-821.897292,0.150453194387
1057.176928,253.502342,-821.598745,0.152076872497
1059.158104,255.460411,-821.297051,0.153667960952
1061.139279,257.418004,-820.992274,0.155226451192
1063.120461,259.375130,-820.684477,0.156752335636
1065.101653,261.331799,-820.373724,0.158245607637
1067.082859,263.288021,-820.060080,0.159706261432
1069.064084,265.243807,-819.743607,0.161134292095
1071.045331,267.199165,-819.424370,0.162529695490
1073.026604,269.154108,-819.102433,0.163892468226
1075.007906,271.108643,-818.777859,0.165222607610
1076.989239,273.062782,-818.450712,0.166520111609
1078.970608,275.016533,-818.121056,0.167784978802
1080.952013,276.969909,-817.788955,0.169017208341
1082.933457,278.922917,-817.454472,0.170216799911
1084.914942,280.875569,-817.117672,0.171383753688
1086.896470,282.827874,-816.778618,0.172518070305
1088.878042,284.779843,-816.437373,0.173619750811
1090.859660,286.731484,-816.094003,0.174688796635
1092.841324,288.682809,-815.748570,0.175725209554
1094.823036,290.633828,-815.401138,0.176728991654
1096.804796,292.584549,-815.051771,0.177700145301
1098.786604,294.534984,-814.700533,0.178638673107
1100.768461,296.485143,-814.347488,0.179544577899
1102.750368,298.435034,-813.992700,0.180417862691
1104.732323,300.384669,-813.636232,0.181258530650
1106.714327,302.334058,-813.278147,0.182066585074
1108.696379,304.283209,-812.918511,0.182842029362
1110.678478,306.232134,-812.557387,0.183584866990
1112.660625,308.180843,-812.194838,0.184295101484
1114.642818,310.129344,-811.830929,0.184972736397
1116.625056,312.077649,-811.465722,0.185617775287
1118.607339,314.025768,-811.099283,0.186230221698
1120.589664,315.973709,-810.731674,0.186810079134
1122.572031,317.921485,-810.362960,0.187357351043
1124.554438,319.869103,-809.993204,0.187872040797
1126.536883,321.816575,-809.622470,0.188354151678
1128.519366,323.763910,-809.250822,0.188803686857
1130.501883,325.711119,-808.878324,0.189220649380
1132.484435,327.658211,-808.505040,0.189605042158
1134.467017,329.605197,-808.131033,0.189956867947
1136.449629,331.552085,-807.756367,0.190276129341
1138.432269,333.498888,-807.381105,0.190562828758
1140.414934,335.445613,-807.005313,0.190816968431
1142.397622,337.392273,-806.629053,0.191038550399
1144.380332,339.338875,-806.252390,0.191227576499
1146.363060,341.285431,-805.875386,0.191384048358
1148.345805,343.231950,-805.498107,0.191507967388
1150.328564,345.178443,-805.120616,0.191599334782
1152.311335,347.124919,-804.742975,0.191658151506
1154.294116,349.071389,-804.365251,0.191684418303
1156.276904,351.017862,-803.987505,0.191678135683
1158.259698,352.964348,-803.609803,0.191639303930
1160.242494,354.910858,-803.232207,0.191567923094
1162.225290,356.857402,-802.854781,0.191463993002
1164.208084,358.803989,-802.477590,0.191327513252
1166.190874,360.750629,-802.100698,0.191158483219
1168.173658,362.697333,-801.724167,0.190956902060
1170.156433,364.644110,-801.348062,0.190722768721
1172.139197,366.590971,-800.972446,0.190456081938
1174.121948,368.537925,-800.597384,0.190156840251
1176.104684,370.484983,-800.222939,0.189825042008
1178.087404,372.432154,-799.849175,0.189460685375
1180.070104,374.379448,-799.476156,0.189063768348
1182.052783,376.326877,-799.103945,0.188634288764
1184.035440,378.274448,-798.732607,0.188172244313
1186.018072,380.222173,-798.362204,0.187677632553
1188.000678,382.170062,-797.992802,0.187150450922
1189.983257,384.118124,-797.624464,0.186590696758
1191.965807,386.066370,-797.257253,0.185998367310
1193.948327,388.014809,-796.891233,0.185373459762
1195.930816,389.963451,-796.526469,0.184715971248
1197.913272,391.912308,-796.163024,0.184025898871
1199.895695,393.861387,-795.800961,0.183303239728
1201.878084,395.810701,-795.440345,0.182547990928
1203.860439,397.760257,-795.081239,0.181760149618
1205.842758,399.710068,-794.723708,0.180939713003
1207.825041,401.660142,-794.367814,0.180086678377
1209.807289,403.610489,-794.013623,0.179201043144
1211.789501,405.561120,-793.661197,0.178282804848
1213.771678,407.512044,-793.310600,0.177331961199
1215.753820,409.463273,-792.961896,0.176348510105
1217.735927,411.414814,-792.615150,0.175332449700
1219.718000,413.366679,-792.270424,0.174283778378
1221.700040,415.318878,-791.927782,0.173202494821
1223.682048,417.271420,-791.587290,0.172088598039
1225.664026,419.224316,-791.249009,0.170942087396
1227.645975,421.177576,-790.913004,0.169762962656
1229.627897,423.131209,-790.579339,0.168551224008
1231.609794,425.085226,-790.248078,0.167306872114
1233.591668,427.039636,-789.919284,0.166029908142
1235.573522,428.994450,-789.593021,0.164720333806
1237.555358,430.949677,-789.269354,0.163378151408
1239.537180,432.905328,-788.948345,0.162003363881
1241.518991,434.861413,-788.630058,0.160595974828
1243.478236,436.795356,-788.316201,0.161177897369
1245.437501,438.729134,-788.001206,0.161769534789
1247.396786,440.662744,-787.685054,0.162370888373
1249.356088,442.596178,-787.367727,0.162981959432
1251.315407,444.529433,-787.049207,0.163602749299
1253.274740,446.462503,-786.729475,0.164233259327
1255.234087,448.395382,-786.408512,0.164873490887
1257.193446,450.328066,-786.086301,0.165523445368
1259.152815,452.260549,-785.762823,0.166183124174
1261.112194,454.192825,-785.438058,0.166852528722
1263.071581,456.124891,-785.111990,0.167531660440
1265.030975,458.056740,-784.784599,0.168220520765
1266.990375,459.988367,-784.455867,0.168919111144
1268.949780,461.919767,-784.125775,0.169627433026
1270.909188,463.850935,-783.794306,0.170345487867
1272.868599,465.781866,-783.461440,0.171073277122
1274.828012,467.712553,-783.127159,0.171810802248
1276.787426,469.642993,-782.791444,0.172558064697
1278.746839,471.573179,-782.454278,0.173315065919
1280.706251,473.503107,-782.115642,0.174081807355
1282.665662,475.432772,-781.775517,0.174858290438
1284.625070,477.362167,-781.433884,0.175644516590
1286.584474,479.291288,-781.090726,0.176440487221
1288.543875,481.220130,-780.746024,0.177246203723
1290.503270,483.148687,-780.399759,0.178061667472
1292.462661,485.076954,-780.051914,0.178886879824
1294.422046,487.004926,-779.702469,0.179721842112
1296.381424,488.932598,-779.351406,0.180566555644
1298.340796,490.859964,-778.998706,0.181421021702
1300.300160,492.787020,-778.644352,0.182285241538
1302.259517,494.713759,-778.288324,0.183159216370
1304.218866,496.640177,-777.930605,0.184042947386
1306.178207,498.566268,-777.571175,0.184936435733
1308.137540,500.492027,-777.210017,0.185839682521
1310.096864,502.417450,-776.847112,0.186752688817
1312.056180,504.342530,-776.482441,0.187675455643
1314.015487,506.267263,-776.115986,0.188607983974
1315.974786,508.191643,-775.747728,0.189550274736
1317.934076,510.115664,-775.377650,0.190502328803
1319.893358,512.039323,-775.005732,0.191464146991
1321.852632,513.962613,-774.631956,0.192435730061
1323.811898,515.885530,-774.256304,0.193417078712
1325.771156,517.808067,-773.878757,0.194408193580
1327.730406,519.730221,-773.499297,0.195409075233
1329.689650,521.651984,-773.117906,0.196419724173
1331.648887,523.573354,-772.734564,0.197440140827
1333.534312,525.414654,-772.329052,0.236190635345
1335.456575,527.274112,-771.841702,0.276707845683
1337.404115,529.135815,-771.269885,0.319691083869
1339.366099,530.983846,-770.610975,0.365854303170
1341.332618,532.802293,-769.862344,0.415947172376
1343.294909,534.575239,-769.021365,0.470766569299
1345.245640,536.286771,-768.085411,0.531155431747
1347.179252,537.920973,-767.051854,0.597982726174
1349.092371,539.461932,-765.918067,0.672094983708
1350.984286,540.893732,-764.681423,0.754227619237
1352.857476,542.200458,-763.339295,0.844866142693
1354.718160,543.366197,-761.889055,0.944058619548
1356.576763,544.375033,-760.328075,1.051206561401
1358.530309,545.343023,-758.631215,1.053561559543
1360.484103,546.307108,-756.931847,1.055950250320
1362.438128,547.267216,-755.229964,1.058372707972
1364.392362,548.223272,-753.525561,1.060829007557
1366.346788,549.175202,-751.818632,1.063319224872
1368.301386,550.122934,-750.109170,1.065843436377
1370.256140,551.066393,-748.397169,1.068401719107
1372.211030,552.005507,-746.682625,1.070994150593
1374.166041,552.940200,-744.965529,1.073620808775
1376.121157,553.870400,-743.245877,1.076281771916
1378.076360,554.796033,-741.523662,1.078977118512
1380.031637,555.717026,-739.798878,1.081706927202
1381.986972,556.633304,-738.071519,1.084471276676
1383.942350,557.544794,-736.341579,1.087270245582
1385.897759,558.451422,-734.609053,1.090103912427
1387.853186,559.353116,-732.873933,1.092972355479
1389.808617,560.249800,-731.136213,1.095875652671
1391.764041,561.141402,-729.395889,1.098813881494
1393.719447,562.027848,-727.652953,1.101787118896
1395.674823,562.909064,-725.907400,1.104795441175
1397.630161,563.784976,-724.159223,1.107838923872
1399.585450,564.655512,-722.408417,1.110917641657
1401.540681,565.520597,-720.654975,1.114031668222
1403.495847,566.380157,-718.898892,1.117181076161
1405.450940,567.234120,-717.140160,1.120365936861
1407.405953,568.082411,-715.378775,1.123586320373
1409.360879,568.924957,-713.614730,1.126842295301
1411.315714,569.761683,-711.848019,1.130133928673
1413.270453,570.592518,-710.078636,1.133461285819
1415.225090,571.417386,-708.306575,1.136824430241
1417.179624,572.236214,-706.531829,1.140223423486
1419.134050,573.048929,-704.754394,1.143658325013
1421.088368,573.855457,-702.974262,1.147129192063
1423.042575,574.655724,-701.191428,1.150636079516
1424.996671,575.449656,-699.405885,1.154179039760
1426.950656,576.237181,-697.617627,1.157758122549
1428.904532,577.018224,-695.826649,1.161373374860
1430.858300,577.792712,-694.032945,1.165024840750
1432.811961,578.560571,-692.236507,1.168712561212
1434.765521,579.321727,-690.437331,1.172436574022
1436.718981,580.076107,-688.635410,1.176196913598
1438.690714,580.824100,-686.811064,1.187173710576
1440.659674,581.551110,-684.981239,1.198028182742
1442.626127,582.257430,-683.146015,1.208756730026
1444.590327,582.943352,-681.305474,1.219355935165
1446.552523,583.609169,-679.459695,1.229822564246
1448.512951,584.255174,-677.608761,1.240153566525
1450.471842,584.881659,-675.752751,1.250346073589
1452.429417,585.488917,-673.891748,1.260397397866
1454.385885,586.077240,-672.025831,1.270305030547
1456.341451,586.646921,-670.155082,1.280066638949
1458.296309,587.198252,-668.279581,1.289680063368
1460.250644,587.731526,-666.399410,1.299143313461
1462.204633,588.247036,-664.514649,1.308454564211
1464.158446,588.745074,-662.625379,1.317612151501
1466.112241,589.225932,-660.731681,1.326614567368
1468.066171,589.689904,-658.833637,1.335460454950
1470.020380,590.137281,-656.931326,1.344148603189
1471.975003,590.568357,-655.024830,1.352677941326
1473.930169,590.983423,-653.114230,1.361047533213
1475.885997,591.382773,-651.199606,1.369256571503
1477.842600,591.766699,-649.281040,1.377304371732
1479.800083,592.135493,-647.358612,1.385190366331
1481.758543,592.489449,-645.432403,1.392914098603
1483.718070,592.828858,-643.502495,1.400475216697
1485.678747,593.154013,-641.568967,1.407873467582
1487.640650,593.465207,-639.631902,1.415108691082
1489.603849,593.762733,-637.691379,1.422180813951
1491.568406,594.046882,-635.747480,1.429089844045
1493.534377,594.317948,-633.800286,1.435835864583
1495.501812,594.576223,-631.849877,1.442419028524
1497.470754,594.821999,-629.896335,1.448839553068
1499.441241,595.055570,-627.939740,1.455097714292
1501.413305,595.277227,-625.980173,1.461193841939
1503.386970,595.487264,-624.017715,1.467128314353
1505.362258,595.685972,-622.052447,1.472901553580
1507.339184,595.873645,-620.084450,1.478514020632
1509.317756,596.050574,-618.113805,1.483966210921
1511.297979,596.217053,-616.140592,1.489258649865
1513.279852,596.373374,-614.164893,1.494391888663
1515.263371,596.519830,-612.186788,1.499366500248
1517.248525,596.656713,-610.206359,1.504183075409
1519.235300,596.784316,-608.223686,1.508842219086
1521.223677,596.902931,-606.238850,1.513344546837
1523.213633,597.012851,-604.251932,1.517690681463
1525.205141,597.114368,-602.263013,1.521881249810
1527.198170,597.207775,-600.272174,1.525916879721
1529.192686,597.293365,-598.279496,1.529798197146
1531.188650,597.371430,-596.285059,1.533525823413
1533.186021,597.442262,-594.288945,1.537100372637
1535.184753,597.506155,-592.291234,1.540522449277
1537.184800,597.563400,-590.292007,1.543792645836
1539.186108,597.614291,-588.291345,1.546911540691
1541.188626,597.659120,-586.289330,1.549879696052
1543.192295,597.698179,-584.286041,1.552697656053
1545.197057,597.731761,-582.281560,1.555365944958
1547.202850,597.760159,-580.275969,1.557885065485
1549.209610,597.783664,-578.269346,1.560255497245
1551.217271,597.802571,-576.261774,1.562477695281
1553.225764,597.817171,-574.253334,1.564552088720
1555.235020,597.827756,-572.244106,1.566479079521
1557.244967,597.834620,-570.234171,1.568259041314
1559.255531,597.838055,-568.223610,1.569892318339
1561.266636,597.838353,-566.212504,1.571379224471
1563.278208,597.835808,-564.200935,1.572720042327
1565.290167,597.830711,-562.188981,1.573915022467
1567.302436,597.823355,-560.176726,1.574964382660
1569.314935,597.814033,-558.164249,1.575868307244
1571.327582,597.803037,-556.151632,1.576626946551
1573.340297,597.790660,-554.138955,1.577240416411
1575.352998,597.777194,-552.126299,1.577708797728
1577.365602,597.762932,-550.113745,1.578032136126
1579.378027,597.748167,-548.101375,1.578210441672
1581.390189,597.733191,-546.089268,1.578243688657
1583.402006,597.718297,-544.077506,1.578131815456
1585.413395,597.703777,-542.066170,1.577874724456
1587.424272,597.689923,-540.055340,1.577472282051
1589.434556,597.677029,-538.045098,1.576924318705
1591.444163,597.665387,-536.035525,1.576230629094
1593.453013,597.655289,-534.026700,1.575390972308
1595.461024,597.647028,-532.018706,1.574405072138
1597.468116,597.640897,-530.011623,1.573272617426
1599.474211,597.637188,-528.005532,1.571993262503
1601.479229,597.636194,-526.000514,1.570566627698
1603.483095,597.638206,-523.996649,1.568992299929
1605.485732,597.643519,-521.994019,1.567269833385
1607.487066,597.652424,-519.992705,1.565398750285
1609.487025,597.665214,-517.992787,1.563378541737
1611.485537,597.682181,-515.994347,1.561208668685
1613.482535,597.703619,-513.997465,1.558888562960
1615.477950,597.729818,-512.002221,1.556417628427
1617.471718,597.761074,-510.008698,1.553795242246
1619.463776,597.797676,-508.016976,1.551020756236
1621.454065,597.839920,-506.027135,1.548093498369
1623.442527,597.888096,-504.039258,1.545012774370
1625.429106,597.942497,-502.053424,1.541777869458
1627.413751,598.003416,-500.069714,1.538388050208
1629.396412,598.071146,-498.088210,1.534842566565
1631.377045,598.145979,-496.108991,1.531140653985
1633.355605,598.228208,-494.132141,1.527281535745
1635.332054,598.318124,-492.157738,1.523264425392
1637.306357,598.416022,-490.185864,1.519088529363
1639.270871,598.514039,-488.223796,1.522665877812
1641.235338,598.605087,-486.261440,1.526190863775
1643.199774,598.689266,-484.298809,1.529663434947
1645.164195,598.766680,-482.335913,1.533083545549
1647.128617,598.837433,-480.372766,1.536451156051
1649.093054,598.901625,-478.409379,1.539766232892
1651.057518,598.959361,-476.445763,1.543028748200
1653.022021,599.010743,-474.481932,1.546238679525
1654.986576,599.055874,-472.517896,1.549396009566
1656.951191,599.094857,-470.553667,1.552500725907
1658.915876,599.127793,-468.589259,1.555552820752
1660.880638,599.154787,-466.624682,1.558552290671
1662.845486,599.175941,-464.659948,1.561499136343
1664.810425,599.191357,-462.695069,1.564393362308
1666.775460,599.201138,-460.730058,1.567234976718
1668.740597,599.205388,-458.764926,1.570023991101
1670.705838,599.204208,-456.799685,1.572760420119
1672.671187,599.197702,-454.834347,1.575444281338
1674.636645,599.185972,-452.868924,1.578075595000
1676.602213,599.169121,-450.903428,1.580654383799
1678.567892,599.147253,-448.937871,1.583180672664
1680.533681,599.120468,-446.972264,1.585654488542
1682.499579,599.088871,-445.006620,1.588075860190
1684.465584,599.052564,-443.040951,1.590444817972
1686.431693,599.011650,-441.075268,1.592761393658
1688.397902,598.966232,-439.109583,1.595025620226
1690.364208,598.916412,-437.143909,1.597237531677
1692.330605,598.862293,-435.178257,1.599397162845
1694.297087,598.803978,-433.212639,1.601504549218
1696.263650,598.741569,-431.247067,1.603559726759
1698.230285,598.675170,-429.281553,1.605562731738
1700.196985,598.604883,-427.316109,1.607513600564
1702.163743,598.530811,-425.350747,1.609412369620
1704.130549,598.453056,-423.385478,1.611259075110
1706.097394,598.371722,-421.420315,1.613053752899
1708.064269,598.286911,-419.455270,1.614796438373
1710.031162,598.198726,-417.490355,1.616487166288
1711.998064,598.107269,-415.525580,1.618125970631
1713.964962,598.012644,-413.560959,1.619712884489
1715.931846,597.914953,-411.596504,1.621247939915
1717.898701,597.814298,-409.632225,1.622731167801
1719.865517,597.710784,-407.668136,1.624162597757
1721.832278,597.604512,-405.704247,1.625542257993
1723.798972,597.495585,-403.740572,1.626870175205
1725.765585,597.384106,-401.777122,1.628146374466
1727.732102,597.270177,-399.813908,1.629370879119
1729.698508,597.153902,-397.850943,1.630543710677
1731.664787,597.035383,-395.888238,1.631664888727
1733.630925,596.914723,-393.925807,1.632734430832
1735.596905,596.792025,-391.963659,1.633752352447
1737.562711,596.667391,-390.001808,1.634718666833
1739.528326,596.540924,-388.040266,1.635633384971
1741.493734,596.412727,-386.079043,1.636496515489
1743.458917,596.282903,-384.118153,1.637308064587
1745.423858,596.151555,-382.157607,1.638068035967
1747.388540,596.018784,-380.197416,1.638776430767
1749.375406,595.900685,-378.214063,1.621825138442
1751.360358,595.815930,-376.230922,1.605253558712
1753.343902,595.763701,-374.248065,1.589070790068
1755.326506,595.743184,-372.265567,1.573284732979
1757.308598,595.753564,-370.283502,1.557902141026
1759.290571,595.794023,-368.301943,1.542928678358
1761.272777,595.863748,-366.320964,1.528368982140
1763.255535,595.961921,-364.340637,1.514226728756
1765.239128,596.087728,-362.361038,1.500504702596
1767.223804,596.240352,-360.382239,1.487204866385
1769.209778,596.418979,-358.404315,1.474328432090
1771.197232,596.622792,-356.427338,1.461875931602
1773.186319,596.850975,-354.451383,1.449847286452
1775.177160,597.102714,-352.476523,1.438241875979
1777.169846,597.377192,-350.502831,1.427058603452
1779.164441,597.673594,-348.530382,1.416295959751
1781.160983,597.991104,-346.559249,1.405952084309
1783.159482,598.328906,-344.589505,1.396024823103
1785.159926,598.686185,-342.621224,1.386511783546
1787.162278,599.062125,-340.654480,1.377410386203
1789.166477,599.455910,-338.689347,1.368717913313
1791.172444,599.866725,-336.725898,1.360431554142
1793.180076,600.293755,-334.764206,1.352548447218
1795.189254,600.736182,-332.804346,1.345065719556
1797.199838,601.193193,-330.846391,1.337980522993
1799.211672,601.663970,-328.890414,1.331290067748
1801.224584,602.147699,-326.936490,1.324991653379
1803.238386,602.643564,-324.984691,1.319082697292
1805.252877,603.150748,-323.035092,1.313560760943
1807.267841,603.668438,-321.087766,1.308423573929
1809.283051,604.195816,-319.142786,1.303669056097
1811.298269,604.732067,-317.200227,1.299295337852
1813.313244,605.276375,-315.260162,1.295300778799
1815.327718,605.827925,-313.322665,1.291683984876
1817.341422,606.385902,-311.387808,1.288443824095
1819.354083,606.949489,-309.455667,1.285579441029
1821.365416,607.517870,-307.526314,1.283090270157
1823.375133,608.090231,-305.599823,1.280976048153
1825.382941,608.665755,-303.676267,1.279236825226
1827.388541,609.243627,-301.755721,1.277872975578
1829.391632,609.823031,-299.838258,1.276885207035
1831.391910,610.403152,-297.923952,1.276274569910
1833.389067,610.983173,-296.012876,1.276042465123
1835.382797,611.562280,-294.105104,1.276190651594
1837.372793,612.139656,-292.200709,1.276721252908
1839.289619,612.648956,-290.352781,1.326234928572
1841.282019,613.084523,-288.408575,1.374187057022
1843.330686,613.436345,-286.390343,1.422174294835
1845.416714,613.694412,-284.320339,1.471599135169
1847.521898,613.848713,-282.220818,1.523802847024
1849.629072,613.889238,-280.114033,1.580163567848
1851.722524,613.805977,-278.022239,1.642172481686
1853.788509,613.588917,-275.967688,1.711489086799
1855.815936,613.228050,-273.972634,1.789962909330
1857.797255,612.713364,-272.059333,1.879589453893
1859.729595,612.034848,-270.250036,1.982341449728
1861.616159,611.182492,-268.566999,2.099792799328
1863.467777,610.146286,-267.032475,2.232471562572
1865.304323,608.916218,-265.668718,2.379017477255
1867.155486,607.482278,-264.497982,2.535521432826
1869.111669,605.817636,-263.470550,2.640203902672
1871.061547,604.064919,-262.616144,2.733789310027
1873.021557,602.234852,-261.914365,2.814763860209
1875.001918,600.338159,-261.344816,2.882678179831
1877.007443,598.385565,-260.887099,2.937782350194
1879.038515,596.387793,-260.520816,2.980676217512
1881.092075,594.355569,-260.225571,3.012047390345
1883.162528,592.299616,-259.980965,3.032502778412
1885.242561,590.230658,-259.766600,3.042471680741
1887.323871,588.159420,-259.562081,3.042155303752
1889.397847,586.096626,-259.347007,3.031504534347
1891.456228,584.053001,-259.100983,3.010217194511
1893.491799,582.039268,-258.803610,2.977755667788
1895.499145,580.066152,-258.434492,2.933395945508
1897.475501,578.144377,-257.973229,2.876329941491
1899.421720,576.284667,-257.399426,2.805851604391
1901.343326,574.497747,-256.692683,2.721654276604
1903.251552,572.794341,-255.832605,2.624232841472
1905.164192,571.185173,-254.798792,2.515300861997
1907.105964,569.680968,-253.570848,2.398019771667
1909.015098,568.326225,-252.225684,2.321684889657
1910.904748,567.088903,-250.797466,2.248173850510
1912.785179,565.962684,-249.291592,2.178357756899
1914.665024,564.941253,-247.713462,2.112887077956
1916.551246,564.018293,-246.068477,2.052187750540
1918.449188,563.187486,-244.362035,1.996482556997
1920.362662,562.442518,-242.599535,1.945827559977
1922.294075,561.777070,-240.786379,1.900153939578
1924.244576,561.184827,-238.927965,1.859308205834
1926.214204,560.659473,-237.029693,1.823086817946
1928.202034,560.194690,-235.096962,1.791263745690
1930.206318,559.784162,-233.135173,1.763611137597
1932.224603,559.421573,-231.149724,1.739914101671
1934.253856,559.100606,-229.146016,1.719980894888
1936.290557,558.814944,-227.129447,1.703649791621
1938.330796,558.558272,-225.105419,1.690793729756
1940.370353,558.324272,-223.079329,1.681323621277
1942.404779,558.106628,-221.056578,1.675191014369
1944.429463,557.899023,-219.042566,1.672390627386
1946.439703,557.695142,-217.042692,1.672963142714
1948.430775,557.488667,-215.062355,1.676998541991
1950.398000,557.273282,-213.106956,1.684640167670
1952.336827,557.042671,-211.181893,1.696089587169
1954.295785,556.812118,-209.236549,1.681535407311
1956.254078,556.609364,-207.288780,1.667604635771
1958.212102,556.433175,-205.338700,1.654303426293
1960.170198,556.282315,-203.386424,1.641636522322
1962.128661,556.155550,-201.432067,1.629607405972
1964.087741,556.051644,-199.475745,1.618218445488
1966.047643,555.969364,-197.517571,1.607471039306
1968.008529,555.907472,-195.557662,1.597365755098
1969.970525,555.864736,-193.596131,1.587902462570
1971.933718,555.839919,-191.633095,1.579080459058
1973.898163,555.831788,-189.668667,1.570898587250
1975.863881,555.839106,-187.702963,1.563355344559
1977.830864,555.860639,-185.736098,1.556448983911
1979.799078,555.895152,-183.768187,1.550177605828
1981.768464,555.941410,-181.799344,1.544539241824
1983.738941,555.998179,-179.829685,1.539531929240
1985.710408,556.064222,-177.859324,1.535153777681
1987.682746,556.138306,-175.888377,1.531403027295
1989.655824,556.219195,-173.916959,1.528278099110
1991.629493,556.305655,-171.945184,1.525777637704
1993.603599,556.396450,-169.973167,1.523900546421
1995.577977,556.490345,-168.001024,1.522646015354
1997.552455,556.586106,-166.028869,1.522013542271
1999.526861,556.682498,-164.056817,1.522002946615
2001.501020,556.778285,-162.084983,1.522614376686
2003.474758,556.872233,-160.113483,1.523848310022
2005.447904,556.963106,-158.142430,1.525705546987
2007.420294,557.049670,-156.171941,1.528187197497
2009.391771,557.130691,-154.202129,1.531294660764
2011.362188,557.204932,-152.233111,1.535029597915
2013.331413,557.271159,-150.265000,1.539393897259
2015.299326,557.328137,-148.297913,1.544389631987
2017.265825,557.374631,-146.331963,1.550019010034
2019.230830,557.409406,-144.367266,1.556284315823
2021.194281,557.431227,-142.403936,1.563187843625
2023.156143,557.438860,-140.442089,1.570731822286
2025.116407,557.431068,-138.481840,1.578918331089
2027.075097,557.406619,-136.523303,1.587749206630
2029.032264,557.364275,-134.566594,1.597225940635
2030.987997,557.302803,-132.611827,1.607349568800
2032.942420,557.220967,-130.659118,1.618120550886
2034.895698,557.117533,-128.708581,1.629538642490
2036.848035,556.991266,-126.760331,1.641602759171
2038.799681,556.840930,-124.814484,1.654310833859
2040.750933,556.665291,-122.871154,1.667659668804
2042.702134,556.463114,-120.930456,1.681644783662
2044.653679,556.233163,-118.992505,1.696260261697
2046.606019,555.974205,-117.057416,1.711498596450
2048.559655,555.685003,-115.125304,1.727350541648
2050.515148,555.364323,-113.196284,1.743804967481
2052.473117,555.010930,-111.270471,1.760848726767
2054.385593,554.637037,-109.394899,1.774304720121
2056.306067,554.236088,-107.516746,1.787961358498
2058.233651,553.807745,-105.637357,1.801837684886
2060.167477,553.351673,-103.758080,1.815952735027
2062.106701,552.867537,-101.880262,1.830325581226
2064.050502,552.355000,-100.005250,1.844975368553
2065.998087,551.813726,-98.134392,1.859921343271
2067.948690,551.243380,-96.269035,1.875182873173
2069.901575,550.643624,-94.410526,1.890779459342
2071.856040,550.014124,-92.560213,1.906730738732
2073.811414,549.354542,-90.719441,1.923056476756
2075.767063,548.664544,-88.889560,1.939776548975
2077.722392,547.943793,-87.071915,1.956910910793
2079.676848,547.191953,-85.267855,1.974479553940
2081.629919,546.408689,-83.478726,1.992502448406
2083.581141,545.593663,-81.705875,2.010999468350
2085.530097,544.746540,-79.950650,2.029990300458
2087.476424,543.866985,-78.214399,2.049494333155
2089.419812,542.954660,-76.498467,2.069530525084
2091.360010,542.009231,-74.804203,2.090117251346
2093.296827,541.030360,-73.132953,2.111272126116
2095.230139,540.017713,-71.486066,2.133011800544
2097.159887,538.970953,-69.864887,2.155351735181
2099.086085,537.889743,-68.270765,2.178305946730
2101.008822,536.773749,-66.705047,2.201886729561
2102.928265,535.622634,-65.169079,2.226104353342
2104.844665,534.436062,-63.664209,2.250966739139
2106.758356,533.213696,-62.191784,2.276479117626
2108.669761,531.955202,-60.753152,2.302643674441
2110.579397,530.660243,-59.349660,2.329459189297
2112.487876,529.328482,-57.982654,2.356920677129
2114.364416,527.982267,-56.675326,2.384616302408
2116.261327,526.585754,-55.391572,2.411729413943
2118.176734,525.141310,-54.133651,2.438376604341
2120.108729,523.651300,-52.903823,2.464667804115
2122.055386,522.118091,-51.704348,2.490707332124
2124.014769,520.544048,-50.537485,2.516594863901
2125.984945,518.931537,-49.405494,2.542426319189
2127.963997,517.282924,-48.310634,2.568294671172
2129.950026,515.600574,-47.255164,2.594290679859
2131.941173,513.886855,-46.241345,2.620503551206
2133.935617,512.144132,-45.271436,2.647021521860
2135.931597,510.374770,-44.347696,2.673932367187
2137.927417,508.581135,-43.472385,2.701323827386
2139.921456,506.765594,-42.647762,2.729283943079
2141.912186,504.930512,-41.876088,2.757901287805
2143.898181,503.078256,-41.159621,2.787265080304
2145.878134,501.211191,-40.500622,2.817465154398
2147.850868,499.331682,-39.901349,2.848591758876
2149.815355,497.442097,-39.364062,2.880735154094
2151.770733,495.544800,-38.891022,2.913984966717
2153.716322,493.642159,-38.484486,2.948429259514
2155.651646,491.736537,-38.146716,2.984153270617
2157.576454,489.830303,-37.879970,3.021237777348
2159.490737,487.925821,-37.686508,3.059757045577
2161.394756,486.025457,-37.568589,3.099776338616
2163.289060,484.131577,-37.528474,3.141348982496
2165.174513,482.246548,-37.568422,3.184513019157
2167.052311,480.372734,-37.690691,3.229287527308
2168.924008,478.512503,-37.897543,3.275668752051
2170.791529,476.668220,-38.191236,3.323626255857
2172.657192,474.842250,-38.574029,3.373099378008
2174.635043,472.917802,-39.030532,-2.907291383814
2176.612734,470.994783,-39.492332,-2.904541131800
2178.590282,469.073169,-39.959342,-2.901835234656
2180.567704,467.152938,-40.431477,-2.899173749651
2182.545016,465.234067,-40.908652,-2.896556729956
2184.522233,463.316533,-41.390781,-2.893984224795
2186.499369,461.400313,-41.877779,-2.891456279592
2188.476438,459.485383,-42.369561,-2.888972936121
2190.453454,457.571722,-42.866040,-2.886534232658
2192.430428,455.659306,-43.367131,-2.884140204118
2194.407374,453.748112,-43.872749,-2.881790882204
2196.384301,451.838117,-44.382808,-2.879486295546
2198.361220,449.929299,-44.897223,-2.877226469839
2200.338142,448.021633,-45.415908,-2.875011427981
2202.315076,446.115099,-45.938777,-2.872841190209
2204.292030,444.209672,-46.465746,-2.870715774228
2206.269014,442.305329,-46.996729,-2.868635195341
2208.246034,440.402048,-47.531640,-2.866599466581
2210.223097,438.499806,-48.070393,-2.864608598830
2212.200211,436.598580,-48.612904,-2.862662600945
2214.177382,434.698346,-49.159087,-2.860761479877
2216.154614,432.799082,-49.708855,-2.858905240790
2218.131914,430.900766,-50.262125,-2.857093887171
2220.109285,429.003373,-50.818809,-2.855327420949
2222.086731,427.106882,-51.378824,-2.853605842599
2224.064258,425.211268,-51.942082,-2.851929151252
2226.041866,423.316510,-52.508499,-2.850297344797
2228.019560,421.422585,-53.077989,-2.848710419983
2229.997342,419.529468,-53.650467,-2.847168372521
2231.975213,417.637138,-54.225848,-2.845671197175
2233.953176,415.745572,-54.804045,-2.844218887857
2235.931230,413.854746,-55.384973,-2.842811437721
2237.909377,411.964638,-55.968546,-2.841448839245
2239.887618,410.075225,-56.554680,-2.840131084320
2241.865952,408.186483,-57.143289,-2.838858164331
2243.844379,406.298391,-57.734287,-2.837630070238
2245.822897,404.410924,-58.327588,-2.836446792649
2247.801508,402.524060,-58.923108,-2.835308321899
2249.780208,400.637777,-59.520760,-2.834214648117
2251.758996,398.752050,-60.120460,-2.833165761296
2253.737871,396.866858,-60.722121,-2.832161651360
2255.716831,394.982177,-61.325658,-2.831202308225
2257.695872,393.097984,-61.930986,-2.830287721861
2259.674992,391.214257,-62.538019,-2.829417882346
2261.654189,389.330972,-63.146672,-2.828592779926
2263.633459,387.448107,-63.756859,-2.827812405063
2265.612799,385.565638,-64.368495,-2.827076748487
2267.592205,383.683543,-64.981493,-2.826385801239
2269.571674,381.801799,-65.595770,-2.825739554719
2271.551201,379.920383,-66.211238,-2.825138000724
2273.530783,378.039271,-66.827814,-2.824581131489
2275.510416,376.158442,-67.445410,-2.824068939721
2277.490095,374.277871,-68.063942,-2.823601418633
2279.469815,372.397537,-68.683324,-2.823178561973
2281.449572,370.517415,-69.303471,-2.822800364054
2283.429361,368.637484,-69.924297,-2.822466819779
2285.409178,366.757721,-70.545716,-2.822177924661
2287.389017,364.878101,-71.167644,-2.821933674845
2289.368874,362.998603,-71.789994,-2.821734067124
2291.348743,361.119204,-72.412682,-2.821579098954
2293.328620,359.239880,-73.035621,-2.821468768466
2295.308499,357.360608,-73.658726,-2.821403074475
2297.288375,355.481367,-74.281912,-2.821382016487
2299.268243,353.602132,-74.905093,-2.821405594702
2301.248098,351.722881,-75.528184,-2.821473810016
2303.227935,349.843591,-76.151099,-2.821586664018
2305.207748,347.964239,-76.773752,-2.821744158989
2307.187534,346.084802,-77.396059,-2.821946297893
2309.167285,344.205257,-78.017933,-2.822193084369
2311.146999,342.325581,-78.639289,-2.822484522718
2313.126669,340.445751,-79.260042,-2.822820617889
2315.106291,338.565745,-79.880106,-2.823201375461
2317.085860,336.685539,-80.499395,-2.823626801625
2319.065371,334.805111,-81.117825,-2.824096903158
2321.044821,332.924437,-81.735309,-2.824611687403
2323.024205,331.043494,-82.351763,-2.825171162236
2325.003518,329.162261,-82.967100,-2.825775336037
2326.982756,327.280713,-83.581235,-2.826424217659
2328.961916,325.398827,-84.194083,-2.827117816389
2330.940994,323.516582,-84.805558,-2.827856141911
2332.919986,321.633954,-85.415574,-2.828639204265
2334.898889,319.750919,-86.024047,-2.829467013801
2336.877700,317.867456,-86.630890,-2.830339581133
2338.856416,315.983541,-87.236018,-2.831256917092
2340.835034,314.099150,-87.839346,-2.832219032671
2342.813553,312.214263,-88.440788,-2.833225938970
2344.791969,310.328854,-89.040258,-2.834277647140
2346.770281,308.442902,-89.637672,-2.835374168321
2348.748487,306.556383,-90.232943,-2.836515513580
2350.726587,304.669275,-90.825986,-2.837701693845
2352.704578,302.781555,-91.416716,-2.838932719835
2354.610418,300.956481,-91.965655,-2.859944309035
2356.537360,299.099829,-92.481352,-2.881441240952
2358.482016,297.215216,-92.960857,-2.903530697659
2360.441101,295.306265,-93.401221,-2.926319606317
2362.411442,293.376597,-93.799496,-2.949915864027
2364.389996,291.429830,-94.152730,-2.974429342091
2366.373863,289.469587,-94.457977,-2.999972676938
2368.360308,287.499488,-94.712286,-3.026661836404
2370.346780,285.523153,-94.912708,-3.054616431284
2372.330932,283.544203,-95.056294,-3.083959722408
2374.310651,281.566258,-95.140095,-3.114818252490
2376.284082,279.592940,-95.161161,-3.147321009991
2378.249660,277.627868,-95.116544,-3.181598010351
2380.206145,275.674664,-95.003294,-3.217778160557
2382.152656,273.736947,-94.818462,-3.255986260435
2384.088715,271.818340,-94.559099,-3.296338994755
2386.014285,269.922461,-94.222256,-3.338939793409
2387.929815,268.052932,-93.804983,-3.383872494055
2389.836285,266.213374,-93.304331,-3.431193845449
2391.735249,264.407406,-92.717352,-3.480925050446
2393.628875,262.638650,-92.041095,-3.533042768274
2395.519982,260.910726,-91.272612,-3.587470263362
2397.412066,259.227255,-90.408954,-3.644069666494
2399.333248,257.566241,-89.443568,2.591262694586
2401.242435,255.962661,-88.407455,2.544851316457
2403.143915,254.414254,-87.303796,2.500117894421
2405.041491,252.918756,-86.135773,2.457257275202
2406.938474,251.473904,-84.906567,2.416422021287
2408.837693,250.077435,-83.619359,2.377723943335
2410.741500,248.727085,-82.277331,2.341237378199
2412.651795,247.420593,-80.883665,2.307003636482
2414.570046,246.155695,-79.441541,2.275036079176
2416.497317,244.930127,-77.954143,2.245325370803
2418.434294,243.741627,-76.424650,2.217844567771
2420.381320,242.587932,-74.856244,2.192553812553
2422.338420,241.466778,-73.252107,2.169404502672
2424.305333,240.375903,-71.615421,2.148342881270
2426.281544,239.313044,-69.949367,2.129313052264
2428.266303,238.275937,-68.257126,2.112259459670
2430.258661,237.262320,-66.541880,2.097128891533
2432.257487,236.269929,-64.806810,2.083872077992
2434.261497,235.296502,-63.055098,2.072444954059
2436.269272,234.339775,-61.289925,2.062809653714
2438.279282,233.397486,-59.514473,2.054935295081
2440.289903,232.467371,-57.731923,2.048798608264
2442.299440,231.547167,-55.945457,2.044384448921
2444.306140,230.634611,-54.158256,2.041686232214
2446.308215,229.727440,-52.373502,2.040706313726
2448.303858,228.823392,-50.594376,2.041456336073
2450.291261,227.920203,-48.824060,2.043957552252
2452.268632,227.015610,-47.065735,2.048241128651
2454.234215,226.107350,-45.322583,2.054348421911
2456.186310,225.193159,-43.597784,2.062331213701
2458.123290,224.270776,-41.894522,2.072251875442
2460.060843,223.339518,-40.195443,2.072103840700
2461.998396,222.408499,-38.496233,2.071970022332
2463.935949,221.477695,-36.796905,2.071850420343
2465.873501,220.547082,-35.097473,2.071745034735
2467.811054,219.616637,-33.397949,2.071653865508
2469.748607,218.686334,-31.698346,2.071576912660
2471.686160,217.756150,-29.998679,2.071514176190
2473.623713,216.826061,-28.298960,2.071465656096
2475.561266,215.896041,-26.599202,2.071431352376
2477.498819,214.966069,-24.899419,2.071411265029
2479.436372,214.036118,-23.199624,2.071405394055
2481.373925,213.106165,-21.499831,2.071413739454
2483.311478,212.176186,-19.800051,2.071436301227
2483.923005,211.882661,-19.263573,2.071436301227
2484.534532,211.589136,-18.727096,2.071436301227
